time;open;high;low;close;Volume;Futures Open Interest;;;;
2010-04-16;3450;3488;3413.2;3431.2;48988;2702;;;;
2010-04-19;3396;3398;3166.2;3201.2;109733;3954;;;;
2010-04-20;3209.2;3240;3168.8;3216.6;141862;4496;;;;
2010-04-21;3215;3281.2;3208;3266;114531;5062;;;;
2010-04-22;3260.2;3274.4;3211;3240;133247;5383;;;;
2010-04-23;3241;3266;3221;3235.6;116981;5808;;;;
2010-04-26;3243;3252;3211.8;3224.8;112229;7079;;;;
2010-04-27;3201.2;3205;3107.6;3121.8;139961;7386;;;;
2010-04-28;3101.6;3142.6;3094.2;3132.8;128530;7092;;;;
2010-04-29;3141;3157.6;3082.2;3114.4;116254;8705;;;;
2010-04-30;3103;3119.6;3043;3089.8;184157;8297;;;;
2010-05-04;3079.8;3094.4;3060.8;3069.4;150123;8261;;;;
2010-05-05;3046.4;3087;3031;3078.6;145542;9600;;;;
2010-05-06;3078.6;3083.4;2953.6;2972.6;170221;10150;;;;
2010-05-07;2928;2959.8;2862.2;2896;240106;8282;;;;
2010-05-10;2910;2931;2870;2912;201919;9873;;;;
2010-05-11;2949;2957.8;2797.2;2816.4;224626;8987;;;;
2010-05-12;2809;2855;2782;2829.2;273131;8144;;;;
2010-05-13;2847.8;2915.6;2823;2902.8;217422;8276;;;;
2010-05-14;2880;2894.8;2850.4;2861.2;185453;6237;;;;
2010-05-17;2840;2840.2;2708;2727.6;117625;4126;;;;
2010-05-18;2717;2808;2703;2779.6;40298;1924;;;;
2010-05-19;2762.2;2808.8;2722.6;2767.2;14913;1159;;;;
2010-05-20;2801;2844.8;2742.2;2761.2;293133;14774;;;;
2010-05-21;2702;2802.8;2677;2789;307325;13329;;;;
2010-05-24;2814;2933.4;2808;2908.6;300512;15770;;;;
2010-05-25;2880;2889.2;2811;2833.6;288927;15644;;;;
2010-05-26;2846.2;2878.8;2817.6;2829;326246;15219;;;;
2010-05-27;2825;2909.8;2790;2896.4;325500;16397;;;;
2010-05-28;2930;2942;2853;2869.8;306690;16764;;;;
2010-05-31;2850;2898.8;2786.2;2811.8;337678;18662;;;;
2010-06-01;2780;2820.6;2732;2760.6;420130;17746;;;;
2010-06-02;2758;2781.4;2718.2;2762;343923;18691;;;;
2010-06-03;2799.8;2807;2741;2762.8;342961;18712;;;;
2010-06-04;2740;2767.8;2722.2;2755.6;324387;16354;;;;
2010-06-07;2700;2718;2680;2704.8;289681;15673;;;;
2010-06-08;2709.8;2726;2683;2699.4;225087;16526;;;;
2010-06-09;2720.4;2808;2700.4;2786;314559;16740;;;;
2010-06-10;2776;2791;2763;2772;232630;14040;;;;
2010-06-11;2788;2796.8;2765;2773;169575;10034;;;;
2010-06-17;2815;2816;2760;2776.4;157022;16693;;;;
2010-06-18;2762.4;2779;2705.8;2727.4;249981;19752;;;;
2010-06-21;2749.2;2816.6;2718;2809.2;277989;21545;;;;
2010-06-22;2795.6;2815;2793.2;2799.6;220831;19828;;;;
2010-06-23;2785;2801.6;2743;2761.6;238316;19132;;;;
2010-06-24;2771;2810;2750;2766.8;297949;18877;;;;
2010-06-25;2759;2772.8;2736;2752;249654;18599;;;;
2010-06-28;2751.6;2763.8;2731.4;2738.2;210541;20726;;;;
2010-06-29;2741.6;2746.8;2598.4;2610.4;298585;24070;;;;
2010-06-30;2580;2593;2563;2573.2;247753;21872;;;;
2010-07-01;2577.8;2584.6;2535.6;2546;243922;23657;;;;
2010-07-02;2550;2565;2478.8;2543.6;367858;24119;;;;
2010-07-05;2535;2549.6;2479.6;2531.4;359351;22692;;;;
2010-07-06;2521.4;2585;2511.2;2558.4;365680;22426;;;;
2010-07-07;2558;2582;2546.2;2564.8;318135;21290;;;;
2010-07-08;2591;2599.4;2562;2574.6;254951;21332;;;;
2010-07-09;2573.2;2668;2563;2652;327713;20855;;;;
2010-07-12;2652;2693;2647.2;2666.2;289268;19620;;;;
2010-07-13;2651;2653;2618.6;2632;269627;14223;;;;
2010-07-14;2640;2679.2;2630;2641.6;209930;10544;;;;
2010-07-15;2650;2738;2608;2627.4;392898;20498;;;;
2010-07-16;2613;2629.8;2588;2619.2;360667;20799;;;;
2010-07-19;2600.2;2715.2;2593.6;2691.4;379966;23283;;;;
2010-07-20;2702;2761;2700.4;2745.2;390979;22339;;;;
2010-07-21;2749;2758.4;2733.8;2744;308125;23282;;;;
2010-07-22;2740;2785.6;2736.2;2774.6;385991;24307;;;;
2010-07-23;2790;2800.8;2765.2;2782.2;326508;22706;;;;
2010-07-26;2792;2803.2;2769.2;2793.8;295351;24625;;;;
2010-07-27;2797.8;2799.8;2773.6;2782.8;298118;23121;;;;
2010-07-28;2780.2;2888.6;2775.2;2879.2;354307;26047;;;;
2010-07-29;2888;2896;2862.8;2878.6;274230;23700;;;;
2010-07-30;2873;2880.6;2855.2;2869.6;241645;22428;;;;
2010-08-02;2888.2;2950.8;2880.2;2928;288420;25621;;;;
2010-08-03;2928;2935;2849;2884;322000;22224;;;;
2010-08-04;2859.8;2892;2835;2872;382739;24218;;;;
2010-08-05;2872.8;2880.6;2821.8;2843.2;319116;21171;;;;
2010-08-06;2850;2923.6;2832;2913.8;322329;23732;;;;
2010-08-09;2917;2932;2891.4;2910.8;288638;21326;;;;
2010-08-10;2913.2;2920.6;2827.8;2842.8;324580;19506;;;;
2010-08-11;2839;2873;2825;2840;359463;18164;;;;
2010-08-12;2822;2868.8;2810;2822;337014;17863;;;;
2010-08-13;2826;2862.8;2810.2;2850.8;299186;17728;;;;
2010-08-16;2849;2943;2843.6;2933;269722;16892;;;;
2010-08-17;2933;2961.8;2928.8;2949.6;176759;10563;;;;
2010-08-18;2949.6;2968.2;2933;2947.8;54738;6117;;;;
2010-08-19;2965;3016;2952.2;2984.2;310102;28031;;;;
2010-08-20;2971.2;2979.6;2911;2921.4;320487;26394;;;;
2010-08-23;2920.6;2938;2896.4;2909.4;252178;27326;;;;
2010-08-24;2898.6;2958.8;2875.4;2922.8;340393;26470;;;;
2010-08-25;2911;2922;2852.8;2863.8;328356;26769;;;;
2010-08-26;2889.8;2894;2848;2858.4;273128;27851;;;;
2010-08-27;2862;2875;2848.2;2867.6;271393;25440;;;;
2010-08-30;2885;2948.8;2885;2928.8;258909;27880;;;;
2010-08-31;2918;2922;2903;2912.4;198508;26318;;;;
2010-09-01;2925;2956.2;2871.6;2882;310156;27086;;;;
2010-09-02;2920;2949.2;2912.2;2927.2;292539;25167;;;;
2010-09-03;2933;2939.6;2901.4;2924.6;265581;23587;;;;
2010-09-06;2948;2993.6;2948;2984.8;250197;26264;;;;
2010-09-07;2990;2998;2968.8;2988.2;206604;27242;;;;
2010-09-08;2987;2998.6;2972;2991;193194;26107;;;;
2010-09-09;3004;3006.8;2935.6;2945.8;244478;24059;;;;
2010-09-10;2955;2956;2914;2943.4;217296;24624;;;;
2010-09-13;2952;2983.8;2935.6;2968.4;206588;22149;;;;
2010-09-14;2969.8;2995;2956;2968.8;216894;16737;;;;
2010-09-15;2968.8;2972.6;2916.4;2928.4;171429;13494;;;;
2010-09-16;2935;2936;2846.8;2863.6;235869;21826;;;;
2010-09-17;2879.6;2889;2868;2875.6;212281;22675;;;;
2010-09-20;2881;2892;2848;2876.8;209602;23457;;;;
2010-09-21;2881;2886.8;2860.2;2874.2;163975;21201;;;;
2010-09-27;2882.2;2914.8;2879.8;2907.8;157948;21617;;;;
2010-09-28;2900;2905.4;2889.4;2892.8;120672;19058;;;;
2010-09-29;2893.4;2912;2881.4;2888.8;136850;18318;;;;
2010-09-30;2880;2955;2871.6;2938;189288;17389;;;;
2010-10-08;2972.6;3073.8;2966.4;3062.2;150243;19881;;;;
2010-10-11;3075;3162.4;3075;3133.8;208814;17039;;;;
2010-10-12;3124.4;3164.2;3123;3158.2;172451;15396;;;;
2010-10-13;3168;3208.8;3161;3194.2;182960;11797;;;;
2010-10-14;3242.4;3272;3233.2;3246;176158;18424;;;;
2010-10-15;3230;3394.8;3228;3364.4;263141;25734;;;;
2010-10-18;3390;3421.8;3324.2;3346.2;302110;25731;;;;
2010-10-19;3356.6;3434.4;3327.6;3404.6;308628;28270;;;;
2010-10-20;3392.6;3513.2;3377;3451;378770;28139;;;;
2010-10-21;3468.8;3492.8;3406.8;3447.8;325384;29059;;;;
2010-10-22;3455.6;3499;3426.8;3458.6;293741;29639;;;;
2010-10-25;3485;3608;3460;3581.2;256963;30526;;;;
2010-10-26;3608.2;3618;3521;3562.8;235559;29142;;;;
2010-10-27;3562.8;3606.2;3473.4;3508.4;303622;30275;;;;
2010-10-28;3496;3537.8;3486.2;3512.4;248247;30001;;;;
2010-10-29;3492.4;3498;3401.6;3435;266654;26397;;;;
2010-11-01;3449.8;3576;3443.2;3562.2;227693;29004;;;;
2010-11-02;3559.4;3587.8;3498.2;3518.8;260699;27851;;;;
2010-11-03;3533;3534.4;3451;3475.6;286579;26533;;;;
2010-11-04;3487.6;3538;3472.6;3516.6;236016;26412;;;;
2010-11-05;3569;3630;3563.4;3577;202498;23710;;;;
2010-11-08;3595;3595.8;3557;3573.6;141259;22742;;;;
2010-11-09;3581.6;3581.6;3528.2;3541.4;137677;19264;;;;
2010-11-10;3542;3542;3489;3516.8;132284;18520;;;;
2010-11-11;3520.8;3588.8;3491.4;3546.4;119295;14596;;;;
2010-11-12;3488;3506;3253.6;3311.4;84398;7888;;;;
2010-11-15;3300;3326;3261.2;3298.2;40184;6246;;;;
2010-11-16;3300.4;3311.4;3158;3181.2;31373;4070;;;;
2010-11-17;3158.8;3182.8;3093.6;3118.6;23723;3456;;;;
2010-11-18;3181.2;3214.6;3155.6;3195.8;236016;29185;;;;
2010-11-19;3210;3252.2;3083.4;3211.8;317329;26630;;;;
2010-11-22;3219.8;3238.6;3165;3181.4;248086;24897;;;;
2010-11-23;3180;3181.6;3065;3132.2;285775;22502;;;;
2010-11-24;3110.4;3220.4;3105.2;3191;292230;23296;;;;
2010-11-25;3212;3245;3186;3231.6;189336;21266;;;;
2010-11-26;3229.8;3242;3175;3207;209016;19864;;;;
2010-11-29;3207.6;3238;3170.2;3217.2;170248;21147;;;;
2010-11-30;3210.4;3222;3077.8;3145.8;253848;20203;;;;
2010-12-01;3153.4;3166.6;3126.6;3151.8;178326;20223;;;;
2010-12-02;3185;3220;3167.8;3176.6;160005;23169;;;;
2010-12-03;3179.8;3190.4;3138.2;3173.2;178485;20556;;;;
2010-12-06;3189;3207.2;3151;3174.4;168030;21389;;;;
2010-12-07;3156.2;3243;3115.2;3221.4;225376;21564;;;;
2010-12-08;3200;3228.8;3157.2;3185.6;167505;20803;;;;
2010-12-09;3173;3184;3126.2;3146;191446;22096;;;;
2010-12-10;3130.2;3199;3118.4;3172.6;197612;21517;;;;
2010-12-13;3220;3283.6;3191;3262.8;191913;18932;;;;
2010-12-14;3273;3292;3269;3277.2;104371;14729;;;;
2010-12-15;3279.6;3285;3251;3261;50325;9111;;;;
2010-12-16;3280;3308;3261.2;3275;130281;20809;;;;
2010-12-17;3279;3285;3255;3269.2;142994;23276;;;;
2010-12-20;3293;3310;3135;3211.8;222228;23073;;;;
2010-12-21;3220;3306;3207.4;3291.6;205960;24712;;;;
2010-12-22;3303;3307;3211.4;3244.6;176758;22657;;;;
2010-12-23;3244.6;3274;3204.4;3223.6;218391;23734;;;;
2010-12-24;3211.2;3224;3166.8;3197;248186;24072;;;;
2010-12-27;3211;3265;3113;3140.4;262972;25998;;;;
2010-12-28;3118.6;3127.6;3073.4;3090.2;206947;27135;;;;
2010-12-29;3070;3095.2;3064.4;3083;149470;27001;;;;
2010-12-30;3083;3115;3050.2;3097.8;188796;24850;;;;
2010-12-31;3097.8;3161;3094.4;3150.8;233054;21550;;;;
2011-01-04;3171.8;3215;3159.2;3203.4;190256;21724;;;;
2011-01-05;3188;3203.8;3176.4;3187.6;146115;19969;;;;
2011-01-06;3197.6;3224.2;3166;3174.4;186234;21747;;;;
2011-01-07;3162;3230;3145;3164.8;217547;19468;;;;
2011-01-10;3183;3198;3115.4;3131.8;186662;23331;;;;
2011-01-11;3130;3141;3106;3126.4;171964;23216;;;;
2011-01-12;3151;3165.4;3107;3137.4;206573;20891;;;;
2011-01-13;3167;3174.8;3128.4;3150.8;201842;20932;;;;
2011-01-14;3143;3144.8;3089;3108;207938;22644;;;;
2011-01-17;3090.2;3096;2967.6;2984.6;202138;23177;;;;
2011-01-18;2971.6;2986.8;2960.2;2976.8;143426;17968;;;;
2011-01-19;2977.8;3052.8;2968;3038;157936;10664;;;;
2011-01-20;3065.6;3065.6;2953.6;2962.2;193701;18909;;;;
2011-01-21;2950.6;3062;2948;2997;310304;21179;;;;
2011-01-24;3005.4;3018.4;2954.2;2975.6;245416;22120;;;;
2011-01-25;2979;2982.8;2935.2;2949.4;225117;24192;;;;
2011-01-26;2955.4;2999.6;2951.4;2985;211212;23723;;;;
2011-01-27;2983.6;3049.6;2943;3036.4;264338;21986;;;;
2011-01-28;3026.4;3057.4;3020.2;3047;164248;19547;;;;
2011-01-31;3035;3091.8;3031;3080.8;152443;20679;;;;
2011-02-01;3088.8;3098;3070.2;3086.2;104520;18921;;;;
2011-02-09;3077.6;3095;3033;3043.8;155572;18648;;;;
2011-02-10;3040;3118.8;3031;3094.8;177171;19168;;;;
2011-02-11;3109.8;3131;3097.2;3117.4;164256;15640;;;;
2011-02-14;3122;3242.8;3115.2;3230.2;154535;12542;;;;
2011-02-15;3231.2;3251.6;3207;3222.8;54138;6909;;;;
2011-02-16;3214.4;3245;3198.2;3232;22846;4769;;;;
2011-02-17;3277;3289.6;3233;3261.8;185330;29892;;;;
2011-02-18;3262;3268.6;3221;3234.4;193928;31275;;;;
2011-02-21;3223;3288.6;3212.2;3276;207321;33381;;;;
2011-02-22;3288;3294.4;3175;3189.4;244202;29062;;;;
2011-02-23;3174;3199.2;3165;3176.8;177419;29940;;;;
2011-02-24;3175;3209;3167.2;3194;208424;27148;;;;
2011-02-25;3202;3236;3175;3210.4;219730;27001;;;;
2011-02-28;3214;3260.6;3185.2;3253.8;208090;28559;;;;
2011-03-01;3260.4;3282;3245;3255.2;176603;27250;;;;
2011-03-02;3242;3262.8;3213.2;3243;202275;26946;;;;
2011-03-03;3249.8;3284;3221.2;3237.2;229396;29001;;;;
2011-03-04;3231.8;3292.8;3228.2;3280.8;188349;31099;;;;
2011-03-07;3290;3353.2;3287.8;3345.6;199756;32634;;;;
2011-03-08;3337.8;3365;3318;3340.8;152733;30429;;;;
2011-03-09;3369;3372;3336;3349.6;180272;31486;;;;
2011-03-10;3339;3340.8;3282.2;3294.4;182138;31105;;;;
2011-03-11;3284.2;3304.8;3235.4;3263.8;172330;28110;;;;
2011-03-14;3258.4;3274.4;3235.4;3264.2;159236;26073;;;;
2011-03-15;3251.2;3255.6;3137.4;3196.2;217685;15584;;;;
2011-03-16;3217.6;3249.6;3205.2;3243.4;80032;8439;;;;
2011-03-17;3245.4;3254.4;3195.8;3216.2;191484;21508;;;;
2011-03-18;3242.6;3263.6;3225;3234.4;159810;26021;;;;
2011-03-21;3231;3288;3202;3217.6;185625;26447;;;;
2011-03-22;3241.2;3247.6;3181.2;3230.8;211735;27558;;;;
2011-03-23;3231;3284.6;3221;3273.4;186721;27477;;;;
2011-03-24;3275;3279;3260.6;3268.6;127958;25776;;;;
2011-03-25;3271.6;3324.4;3269;3305;171197;28514;;;;
2011-03-28;3308.6;3337;3295;3304.8;172326;28269;;;;
2011-03-29;3291.6;3322;3262.8;3274.2;193055;28685;;;;
2011-03-30;3279.8;3284.6;3248;3271;182887;30975;;;;
2011-03-31;3265.6;3273.8;3221;3238.6;181792;28770;;;;
2011-04-01;3243.6;3280.6;3232.8;3267.8;156137;27514;;;;
2011-04-06;3275.8;3320.8;3265.2;3310.6;178965;27887;;;;
2011-04-07;3312.2;3327.8;3303.2;3320;128424;25177;;;;
2011-04-08;3325.6;3366.4;3316.6;3358;159841;25641;;;;
2011-04-11;3368;3382;3336.8;3347.4;137974;22859;;;;
2011-04-12;3341.2;3351.8;3310.4;3321;149352;19725;;;;
2011-04-13;3318.4;3377.8;3304.2;3366;131950;13520;;;;
2011-04-14;3396.4;3396.4;3360;3369;123848;21830;;;;
2011-04-15;3365.8;3395.8;3331.8;3369.2;196648;26522;;;;
2011-04-18;3368;3384;3342.4;3359.2;171516;27020;;;;
2011-04-19;3343.4;3344.6;3302.2;3318;169120;27227;;;;
2011-04-20;3318.8;3327.6;3296.2;3309.2;131575;29702;;;;
2011-04-21;3328.6;3345.4;3313;3323.4;143692;28613;;;;
2011-04-22;3323;3335.8;3298;3306;132043;28394;;;;
2011-04-25;3302;3304.4;3254;3265.2;147000;28955;;;;
2011-04-26;3256;3267.4;3232.8;3244;134902;31425;;;;
2011-04-27;3258.2;3263;3202;3220.4;132562;31188;;;;
2011-04-28;3238;3251.4;3185.8;3200.4;201579;33348;;;;
2011-04-29;3191.2;3215.4;3186.4;3206.8;145652;32313;;;;
2011-05-03;3203.4;3217.8;3175;3212.4;130928;30941;;;;
2011-05-04;3205.8;3205.8;3121.6;3132.8;163238;29755;;;;
2011-05-05;3120;3139.4;3115.2;3130;127061;29329;;;;
2011-05-06;3110;3144;3091;3124;168603;26493;;;;
2011-05-09;3135.6;3153.2;3114.4;3125.2;142312;24885;;;;
2011-05-10;3132.2;3157.6;3124.2;3148;154453;24263;;;;
2011-05-11;3155;3165;3126;3144.4;162088;22503;;;;
2011-05-12;3124.6;3142;3090.2;3108;145812;22100;;;;
2011-05-13;3104.8;3136.6;3087.2;3125.2;157456;22196;;;;
2011-05-16;3120;3135;3093.2;3102;115773;18126;;;;
2011-05-17;3100;3134.6;3077;3118.4;89458;11584;;;;
2011-05-18;3116.2;3142.2;3109.6;3131.2;27167;7382;;;;
2011-05-19;3152;3161.8;3128.2;3134;131879;29659;;;;
2011-05-20;3130;3142.6;3123.4;3129.4;127500;30952;;;;
2011-05-23;3118.6;3123.4;3020.6;3029.6;165275;34030;;;;
2011-05-24;3020.2;3033.6;3014.6;3026.2;124258;33726;;;;
2011-05-25;3020.8;3037.2;2991;3003.2;159561;34035;;;;
2011-05-26;3018.6;3026.8;2984.2;2996.8;157229;35017;;;;
2011-05-27;2995;3013.8;2979.2;2986.8;198093;39790;;;;
2011-05-30;2976.6;2989.8;2960.2;2970;155057;39371;;;;
2011-05-31;2973;3009.6;2962.2;2997.6;155048;38618;;;;
2011-06-01;2998.2;3004.8;2989.6;3000.6;116853;35519;;;;
2011-06-02;2981;2989.4;2928.8;2956.8;186120;33572;;;;
2011-06-03;2964;2998.6;2959.4;2986;147279;31461;;;;
2011-06-07;2984.4;3001.6;2971.4;2997.2;129804;31055;;;;
2011-06-08;2990;3015.4;2956.2;3004.2;166932;29651;;;;
2011-06-09;3009.2;3009.6;2951;2960;171985;30303;;;;
2011-06-10;2960;2968;2931.4;2953.8;170100;29740;;;;
2011-06-13;2940;2957.8;2918;2949.6;161648;28337;;;;
2011-06-14;2952.2;2995.8;2948.6;2986.4;152014;22789;;;;
2011-06-15;2985.8;2992;2959.2;2967.8;103534;17000;;;;
2011-06-16;2949.6;2953;2926;2931.6;133861;24435;;;;
2011-06-17;2931.6;2939.8;2887.2;2909.2;140071;31687;;;;
2011-06-20;2888;2898;2863.2;2878.8;149261;32160;;;;
2011-06-21;2890;2907.2;2881;2902.6;151767;30269;;;;
2011-06-22;2908.2;2917.8;2887.8;2905.8;149993;28524;;;;
2011-06-23;2891.2;2976.6;2884.2;2954.4;212256;27768;;;;
2011-06-24;2962;3062;2954.6;3038.4;237657;28933;;;;
2011-06-27;3033;3057;3022.2;3033.4;180870;29193;;;;
2011-06-28;3041.8;3052.6;3019;3041;175782;28870;;;;
2011-06-29;3050;3051.8;3008.6;3015;182134;28899;;;;
2011-06-30;3016.8;3081;3013.8;3045.8;204473;29394;;;;
2011-07-01;3040.2;3077;3035;3054.4;193487;27969;;;;
2011-07-04;3058.6;3130;3058.6;3117.8;186619;29151;;;;
2011-07-05;3122.2;3128;3109.8;3115.8;126429;27055;;;;
2011-07-06;3120;3125;3091.2;3111.6;152941;28605;;;;
2011-07-07;3119.6;3150;3098;3107;214542;26822;;;;
2011-07-08;3122;3134.8;3099.2;3113.8;197890;26380;;;;
2011-07-11;3113.8;3121.8;3091.2;3112.2;159537;24843;;;;
2011-07-12;3085;3090.8;3053.4;3063.2;151414;20735;;;;
2011-07-13;3063;3114.8;3063;3107.8;139557;15410;;;;
2011-07-14;3115;3133.6;3103.6;3122;116538;23521;;;;
2011-07-15;3122;3148;3109;3134.8;158300;28362;;;;
2011-07-18;3149;3157;3121.8;3126.6;135361;30068;;;;
2011-07-19;3119;3119;3098.2;3109.2;129604;30374;;;;
2011-07-20;3129.4;3130.8;3079.6;3099;149582;30633;;;;
2011-07-21;3091;3113.6;3070;3075.8;165943;31707;;;;
2011-07-22;3084;3097;3072;3077.4;130681;31147;;;;
2011-07-25;3062;3063;2966;2978.2;147344;31072;;;;
2011-07-26;2978.6;2985.6;2973;2979.8;95538;31482;;;;
2011-07-27;2975;3004.6;2955.2;2997.8;167471;27650;;;;
2011-07-28;2978.2;2992.8;2965;2981.2;138644;26857;;;;
2011-07-29;2986.8;3004.8;2956.8;2984.4;176889;26178;;;;
2011-08-01;2985;2997;2966;2985.2;126197;28085;;;;
2011-08-02;2970;2971;2924.2;2953.2;163985;26892;;;;
2011-08-03;2935;2973.2;2932.4;2955.8;151494;25674;;;;
2011-08-04;2966;2984.8;2955.8;2963.6;118500;26207;;;;
2011-08-05;2902.2;2919.4;2870.4;2900;150080;22505;;;;
2011-08-08;2890;2896.6;2751.8;2799.8;225170;24995;;;;
2011-08-09;2719;2822;2702.6;2804;255517;20777;;;;
2011-08-10;2838.6;2849.8;2805;2815.4;171607;19016;;;;
2011-08-11;2790;2881;2785.2;2864.2;241459;18873;;;;
2011-08-12;2885;2888;2857;2867.2;156995;15803;;;;
2011-08-15;2879;2906.2;2860.8;2897.8;131681;13573;;;;
2011-08-16;2901.2;2909;2871.4;2879.4;61530;8958;;;;
2011-08-17;2879.6;2907.8;2879.4;2887;28657;5332;;;;
2011-08-18;2886;2894.6;2832.2;2844.2;165849;27528;;;;
2011-08-19;2816.6;2824.2;2786.8;2805.2;182229;29673;;;;
2011-08-22;2810.8;2835;2765.2;2778.8;204489;30034;;;;
2011-08-23;2792;2835;2781.6;2814.2;211257;30330;;;;
2011-08-24;2838;2844.8;2794.6;2806;187948;30176;;;;
2011-08-25;2812.8;2916;2811.2;2908.2;267514;33276;;;;
2011-08-26;2905.6;2914.4;2873;2901.2;209822;29360;;;;
2011-08-29;2879.6;2880;2841.6;2857.4;207234;28821;;;;
2011-08-30;2870;2910.6;2829;2837.8;240543;30229;;;;
2011-08-31;2835.6;2857.6;2825.8;2844.6;216290;29469;;;;
2011-09-01;2855;2876.8;2818;2833;235944;30081;;;;
2011-09-02;2821;2842;2791;2805.6;222157;29778;;;;
2011-09-05;2792.8;2795;2743.4;2753;184469;31310;;;;
2011-09-06;2740;2747.2;2712.2;2726.6;199381;32255;;;;
2011-09-07;2740.2;2785.6;2728;2774;224467;33146;;;;
2011-09-08;2780;2788.8;2756;2763.6;173979;30845;;;;
2011-09-09;2776.2;2806;2737.4;2747.4;243189;29822;;;;
2011-09-13;2713.8;2728;2699;2722.6;165873;26073;;;;
2011-09-14;2728;2742.6;2673.2;2720.6;205074;16501;;;;
2011-09-15;2746.6;2762.6;2727;2737;192539;26417;;;;
2011-09-16;2750.4;2761.8;2729.6;2734.8;189374;30154;;;;
2011-09-19;2710;2712.8;2668.2;2682.8;149785;31582;;;;
2011-09-20;2673.6;2706.6;2667.6;2692.2;197071;31555;;;;
2011-09-21;2698;2785.2;2676;2772.6;278252;34448;;;;
2011-09-22;2740;2759.8;2680.6;2694;225960;31992;;;;
2011-09-23;2641.6;2694.8;2624;2660.4;306868;29434;;;;
2011-09-26;2649;2685.6;2601.6;2612.4;271018;31869;;;;
2011-09-27;2634.8;2662;2618;2646.8;251326;30703;;;;
2011-09-28;2648;2661.4;2602.2;2613.2;227194;30460;;;;
2011-09-29;2599.8;2626;2582.6;2603.4;257025;31795;;;;
2011-09-30;2608.8;2614.6;2570.4;2588.2;194766;29095;;;;
2011-10-10;2600;2604;2562;2569.4;158979;33522;;;;
2011-10-11;2644;2650;2537;2550.6;237122;34691;;;;
2011-10-12;2542.4;2650.6;2533.4;2640.8;333517;31116;;;;
2011-10-13;2642;2669.8;2630.2;2652.4;249558;25346;;;;
2011-10-14;2659.4;2669.2;2633.2;2653.6;215399;23596;;;;
2011-10-17;2666.8;2690.2;2650.4;2660.4;197569;19498;;;;
2011-10-18;2639.8;2647.8;2586.2;2597.4;148901;14361;;;;
2011-10-19;2609.8;2623;2580.4;2587.4;66055;8486;;;;
2011-10-20;2568;2569.6;2504;2524.2;228747;28168;;;;
2011-10-21;2531.2;2546;2515;2521.4;229761;32834;;;;
2011-10-24;2535;2598.4;2511.2;2581.6;295585;37628;;;;
2011-10-25;2580.4;2646.6;2564.4;2628.2;296248;33092;;;;
2011-10-26;2628.2;2683.6;2622.6;2663.4;282652;33347;;;;
2011-10-27;2668.8;2679.6;2654;2665.4;210728;35266;;;;
2011-10-28;2698;2745.2;2688.4;2710.2;256011;33050;;;;
2011-10-31;2703;2710.8;2679.4;2693.2;177245;31678;;;;
2011-11-01;2685;2734.6;2677;2692.6;262698;31990;;;;
2011-11-02;2670;2779;2656;2744;291665;35339;;;;
2011-11-03;2771;2786;2741;2754.6;261952;33103;;;;
2011-11-04;2780.2;2795;2753.6;2768;263555;34532;;;;
2011-11-07;2760.2;2773.6;2738.4;2747.4;193648;34604;;;;
2011-11-08;2752;2769;2732.2;2739;226254;35409;;;;
2011-11-09;2755.2;2768;2714;2745.6;248857;34327;;;;
2011-11-10;2715;2733.6;2700;2708.2;226598;30354;;;;
2011-11-11;2707.6;2725;2691.8;2700.4;163246;28823;;;;
2011-11-14;2720;2766.2;2718;2752.2;195172;26157;;;;
2011-11-15;2745.2;2757;2734;2742.4;124833;19958;;;;
2011-11-16;2749.6;2752;2660.6;2668.2;70700;10088;;;;
2011-11-17;2682;2696.2;2669.4;2675;164980;32404;;;;
2011-11-18;2661;2662;2609.6;2619.4;214813;38714;;;;
2011-11-21;2615.8;2621.2;2597.8;2608.2;140709;41616;;;;
2011-11-22;2602.2;2624;2585.2;2610;227769;39577;;;;
2011-11-23;2615.8;2621;2578.4;2588.6;215246;37977;;;;
2011-11-24;2571.2;2613.8;2567.4;2589.8;238398;38027;;;;
2011-11-25;2592;2603;2565.8;2572.8;172445;37096;;;;
2011-11-28;2588.2;2599.8;2568.2;2579.6;189708;38208;;;;
2011-11-29;2594.6;2613;2581.6;2607.8;203532;39326;;;;
2011-11-30;2602.8;2604;2515.2;2528;218819;36211;;;;
2011-12-01;2588;2642.2;2578;2587.2;305852;35753;;;;
2011-12-02;2578;2583;2549;2565.2;254302;34026;;;;
2011-12-05;2560.2;2571.2;2529.6;2537.8;265673;38245;;;;
2011-12-06;2527.4;2536.8;2510.8;2525.2;203960;38824;;;;
2011-12-07;2523.4;2539.2;2513.2;2531.6;222142;37791;;;;
2011-12-08;2531.2;2561.8;2498.4;2535.6;287500;37955;;;;
2011-12-09;2518;2532;2507;2511.6;208492;37854;;;;
2011-12-12;2512;2513.6;2485.8;2491.6;172451;36613;;;;
2011-12-13;2480.6;2486.2;2434.8;2442.8;198419;34728;;;;
2011-12-14;2433.2;2442;2410;2418.2;156637;25948;;;;
2011-12-15;2409.8;2413.8;2351.4;2367.2;249165;37624;;;;
2011-12-16;2355;2404.2;2351;2389;262634;44916;;;;
2011-12-19;2378;2405;2322.2;2386.4;344258;42379;;;;
2011-12-20;2392;2423;2375.6;2385.8;297682;39514;;;;
2011-12-21;2399.4;2416;2346.6;2357.4;296200;41414;;;;
2011-12-22;2344.8;2378.4;2306.4;2361;411787;42725;;;;
2011-12-23;2358;2401.8;2343.4;2361.2;360047;41368;;;;
2011-12-26;2351.2;2383;2337.2;2345.6;306802;42432;;;;
2011-12-27;2340.4;2364.2;2319.2;2325.4;305020;43526;;;;
2011-12-28;2319.2;2331;2293.2;2319.8;312405;43552;;;;
2011-12-29;2307;2339.2;2306;2321;268843;42114;;;;
2011-12-30;2331;2362;2328;2353;266983;37515;;;;
2012-01-04;2381;2383.8;2305;2313.4;226897;41983;;;;
2012-01-05;2303.4;2327.4;2286.2;2294;322309;41770;;;;
2012-01-06;2289;2300.8;2273;2294.4;276946;42667;;;;
2012-01-09;2285.4;2378.2;2276.8;2364.6;392480;38533;;;;
2012-01-10;2384.8;2464.8;2372;2455.4;376838;36316;;;;
2012-01-11;2463;2468.8;2436.4;2453.4;297272;37188;;;;
2012-01-12;2442.4;2475;2433.4;2449.6;323934;34749;;;;
2012-01-13;2447.6;2457;2387.6;2411.6;333591;31451;;;;
2012-01-16;2400;2404.8;2347.6;2366.6;286805;27962;;;;
2012-01-17;2361;2494;2339.8;2478;355421;19261;;;;
2012-01-18;2485;2489.8;2411.4;2427.2;102874;6578;;;;
2012-01-19;2450;2515.8;2438;2490;469912;40609;;;;
2012-01-20;2498.4;2530.8;2477;2519.4;355346;38757;;;;
2012-01-30;2513.4;2517.2;2465;2471.2;306138;37830;;;;
2012-01-31;2472.4;2485.6;2456.8;2468.8;306569;38889;;;;
2012-02-01;2470.6;2494.8;2428.4;2439;325745;38637;;;;
2012-02-02;2445;2497.4;2434.4;2484;397302;38648;;;;
2012-02-03;2488;2527.6;2474;2516.6;346500;38447;;;;
2012-02-06;2522.4;2533;2492.6;2502;311996;38530;;;;
2012-02-07;2502;2503.4;2442.6;2459.6;327100;34899;;;;
2012-02-08;2466.8;2554;2457;2540.2;388623;37218;;;;
2012-02-09;2530;2553.2;2518;2534.2;376190;33243;;;;
2012-02-10;2531;2572.4;2519.8;2529.8;407415;28628;;;;
2012-02-13;2517.8;2565;2501;2532;361959;26783;;;;
2012-02-14;2529;2537.6;2505.6;2519.8;292593;19648;;;;
2012-02-15;2520.4;2562.8;2515.4;2542;106560;7791;;;;
2012-02-16;2547;2565;2520;2535.2;326007;38151;;;;
2012-02-17;2559.4;2573.2;2531.8;2549.8;368700;40822;;;;
2012-02-20;2579;2586;2549.4;2553.8;299808;46436;;;;
2012-02-21;2557;2569.6;2525.6;2562;366212;45210;;;;
2012-02-22;2571;2606;2562.8;2592.8;367881;44195;;;;
2012-02-23;2595;2615;2590.2;2604.6;330608;41308;;;;
2012-02-24;2616.4;2658.6;2599;2643.2;370520;41636;;;;
2012-02-27;2664.6;2702;2660.2;2679.4;343970;43560;;;;
2012-02-28;2671.2;2685;2655.8;2676.8;330073;48146;;;;
2012-02-29;2659.4;2673;2646;2652;330380;47967;;;;
2012-03-01;2639;2662;2637;2645.4;278974;49181;;;;
2012-03-02;2645.4;2688.6;2645.4;2679.6;352776;45940;;;;
2012-03-05;2686.6;2696.6;2665.2;2670.8;260414;44396;;;;
2012-03-06;2665.2;2668.8;2624;2633.6;313051;45175;;;;
2012-03-07;2614.8;2637;2609.4;2615.2;291731;45109;;;;
2012-03-08;2620.8;2653;2618.8;2633.8;341684;42732;;;;
2012-03-09;2648;2667.8;2639;2661.8;329139;41253;;;;
2012-03-12;2665.2;2667.4;2640.8;2649;260531;36456;;;;
2012-03-13;2655;2681.2;2651.2;2676.8;277049;28468;;;;
2012-03-14;2691;2702.8;2598;2618.2;190387;12961;;;;
2012-03-15;2620;2631.4;2598.2;2609.4;323390;48532;;;;
2012-03-16;2605.2;2632.8;2586;2622.6;365726;50080;;;;
2012-03-19;2625;2634.6;2608;2630;282149;48033;;;;
2012-03-20;2633.6;2633.8;2595;2603.4;321056;49421;;;;
2012-03-21;2608.2;2620;2580.2;2597.8;360190;51628;;;;
2012-03-22;2599;2609.6;2580.6;2594.8;309414;51083;;;;
2012-03-23;2590;2591.2;2560.8;2567.4;290760;53121;;;;
2012-03-26;2568.2;2575;2558.2;2564;193913;54606;;;;
2012-03-27;2579.6;2580.6;2560;2566;209970;55058;;;;
2012-03-28;2558.6;2559;2484.6;2494.8;294714;57628;;;;
2012-03-29;2482;2486;2444;2467;318736;54496;;;;
2012-03-30;2467.2;2471.6;2450.6;2457.4;259901;51249;;;;
2012-04-05;2440;2519;2438.8;2513;361987;47473;;;;
2012-04-06;2513.8;2526;2504;2515;283250;42485;;;;
2012-04-09;2511;2524.8;2489;2502.8;326355;39861;;;;
2012-04-10;2498;2523.2;2460.8;2508.4;395486;39295;;;;
2012-04-11;2500;2545;2494;2515.6;411222;34564;;;;
2012-04-12;2525;2577;2517.2;2566.8;371592;34732;;;;
2012-04-13;2581.6;2598.8;2568.8;2583;311243;29612;;;;
2012-04-16;2571.2;2588.8;2560.2;2580;269399;25292;;;;
2012-04-17;2578.2;2579;2546.2;2550.2;243627;19258;;;;
2012-04-18;2558;2605.8;2550.4;2599.2;79753;8578;;;;
2012-04-19;2609;2617.8;2596.4;2606.8;262237;45073;;;;
2012-04-20;2606.8;2642;2602;2636;333180;46708;;;;
2012-04-23;2635.6;2638.2;2612;2617.4;251039;48438;;;;
2012-04-24;2615.2;2655.6;2571.6;2602.8;431519;44539;;;;
2012-04-25;2609.4;2634.6;2602.6;2628.2;367986;44959;;;;
2012-04-26;2635.2;2649.6;2621;2640.6;305538;45528;;;;
2012-04-27;2642.2;2647;2632;2640;248923;43855;;;;
2012-05-02;2655.8;2702.2;2650;2689.6;296578;47635;;;;
2012-05-03;2685;2697.2;2684.2;2693.4;199784;46597;;;;
2012-05-04;2693;2717.2;2678.8;2712.2;322228;46996;;;;
2012-05-07;2705;2716.8;2699;2711.2;245549;47811;;;;
2012-05-08;2720;2726;2686.6;2704.2;348561;48071;;;;
2012-05-09;2695;2695;2660;2665.4;289065;44805;;;;
2012-05-10;2664.8;2674.8;2658;2665.2;236523;44531;;;;
2012-05-11;2660.2;2676.4;2628;2642.4;303477;41308;;;;
2012-05-14;2644.6;2650.4;2582;2619.2;321732;33218;;;;
2012-05-15;2590;2614.2;2586.2;2606.4;179511;24319;;;;
2012-05-16;2600;2605.8;2558;2568.4;73383;14580;;;;
2012-05-17;2583;2620;2574.4;2612.2;278374;49318;;;;
2012-05-18;2594.6;2596.4;2555.6;2563.4;319530;50581;;;;
2012-05-21;2575;2603.4;2561.4;2580.2;369565;52149;;;;
2012-05-22;2593;2611.8;2588.4;2605.8;308016;50420;;;;
2012-05-23;2597;2615;2575;2587.8;352343;47757;;;;
2012-05-24;2595;2608;2564.6;2575;370230;48389;;;;
2012-05-25;2579.2;2585;2557.8;2564;302870;49435;;;;
2012-05-28;2564;2602.6;2548;2594.8;317790;48536;;;;
2012-05-29;2597;2656;2596.6;2647.2;347247;46142;;;;
2012-05-30;2635;2644;2628.8;2636.4;252462;44121;;;;
2012-05-31;2621.2;2643.4;2612;2631.8;305805;44773;;;;
2012-06-01;2630;2659.8;2615.2;2626;385689;41674;;;;
2012-06-04;2600;2600;2545;2558.2;312799;39942;;;;
2012-06-05;2555.6;2566.4;2546.2;2551.4;281713;39386;;;;
2012-06-06;2549.8;2569.6;2540.2;2547.4;359605;38522;;;;
2012-06-07;2570;2575.6;2521;2530;314243;38488;;;;
2012-06-08;2545.2;2548.8;2511;2517.2;401260;35192;;;;
2012-06-11;2535;2568.6;2520.8;2553;342023;29328;;;;
2012-06-12;2534.4;2552.6;2521.6;2532.8;273907;22247;;;;
2012-06-13;2542;2574.8;2537;2568.4;130537;11285;;;;
2012-06-14;2556;2576;2543;2549.8;295965;44361;;;;
2012-06-15;2555.8;2573;2531.8;2559.8;414309;45114;;;;
2012-06-18;2579;2590.2;2565;2571.6;363196;48402;;;;
2012-06-19;2572.2;2573;2550.2;2554.2;292607;50132;;;;
2012-06-20;2563.4;2569.8;2548;2555.2;305212;53365;;;;
2012-06-21;2544.8;2545.2;2493.2;2506.2;341378;54959;;;;
2012-06-25;2500.2;2506.8;2459.2;2468.2;271087;58564;;;;
2012-06-26;2463.2;2469;2448.8;2460.4;317299;58898;;;;
2012-06-27;2456;2475;2449.8;2454.8;290944;57732;;;;
2012-06-28;2461.2;2468;2435.4;2445.6;324209;59858;;;;
2012-06-29;2431.2;2472;2431;2467.6;364747;56213;;;;
2012-07-02;2477;2477.8;2455.2;2462.8;324752;58822;;;;
2012-07-03;2466.6;2499.2;2461.2;2467.4;400439;56974;;;;
2012-07-04;2473;2486;2463.4;2467.8;399476;57457;;;;
2012-07-05;2469.6;2469.8;2431.6;2444.6;377809;59828;;;;
2012-07-06;2442.8;2495;2429;2481.2;475826;58312;;;;
2012-07-09;2467.8;2478.8;2425.2;2431;361963;58054;;;;
2012-07-10;2427.4;2435.6;2418.2;2422.6;334547;58205;;;;
2012-07-11;2415;2440;2411;2426.4;392345;56843;;;;
2012-07-12;2427;2464.8;2412.4;2453.2;528147;51818;;;;
2012-07-13;2448.6;2477;2446.2;2455.8;417636;47028;;;;
2012-07-16;2462;2464.8;2413.6;2416.2;347330;45844;;;;
2012-07-17;2412;2429;2409.6;2419;269322;37084;;;;
2012-07-18;2418.4;2430;2380.6;2411.4;168683;23135;;;;
2012-07-19;2429.8;2463.4;2423;2439.6;442827;52723;;;;
2012-07-20;2434.8;2436.4;2410;2416.6;362308;60270;;;;
2012-07-23;2401.6;2402.6;2373.4;2379.8;313452;60091;;;;
2012-07-24;2374.8;2406.6;2371;2385.4;372651;59682;;;;
2012-07-25;2375;2397;2369.2;2375.6;351569;62166;;;;
2012-07-26;2372.4;2390.6;2361.6;2367;385129;64990;;;;
2012-07-27;2370.8;2380.8;2363.6;2368.8;325456;62813;;;;
2012-07-30;2373;2388;2359.4;2364.2;336922;66202;;;;
2012-07-31;2361;2376.4;2361;2363.2;273521;65249;;;;
2012-08-01;2358.4;2385;2358;2368.4;341239;64290;;;;
2012-08-02;2369.6;2372;2337.6;2347.8;308900;65373;;;;
2012-08-03;2354.8;2368.8;2345.6;2359;303837;66599;;;;
2012-08-06;2360.6;2393.2;2360.2;2388.4;389607;62986;;;;
2012-08-07;2385.4;2394.8;2385.2;2391.2;243930;58897;;;;
2012-08-08;2396;2409;2389.2;2393.4;279984;56170;;;;
2012-08-09;2393.6;2421.4;2385.2;2415.2;397185;54495;;;;
2012-08-10;2419.6;2422.2;2405.4;2409.8;246736;50221;;;;
2012-08-13;2407.2;2408.8;2365.2;2373;261209;51318;;;;
2012-08-14;2364.8;2370.6;2331.6;2358.6;334001;42509;;;;
2012-08-15;2355.4;2356.6;2335.6;2340.4;175935;29607;;;;
2012-08-16;2350.8;2357.6;2341.4;2344.8;242421;65237;;;;
2012-08-17;2345.6;2347;2321.8;2329.8;303042;78835;;;;
2012-08-20;2320.8;2328.8;2295.8;2316.8;299462;77911;;;;
2012-08-21;2316.2;2350.6;2314;2323.8;418647;79215;;;;
2012-08-22;2321.6;2331.2;2302.4;2307.4;298293;78348;;;;
2012-08-23;2312.4;2331.8;2304.2;2318.4;440746;79772;;;;
2012-08-24;2316.2;2317;2293.2;2295.8;307985;76843;;;;
2012-08-27;2295.8;2297;2248.2;2253.8;317408;82660;;;;
2012-08-28;2248;2269;2243.2;2254;331909;82277;;;;
2012-08-29;2246.6;2257.6;2230;2234.8;370404;80043;;;;
2012-08-30;2228.6;2238.2;2208.4;2224.8;421206;79326;;;;
2012-08-31;2215;2233;2214.4;2224.4;356770;77719;;;;
2012-09-03;2215.6;2244.6;2202.2;2234.8;441490;76217;;;;
2012-09-04;2232.8;2240.6;2206.2;2211.4;325284;73253;;;;
2012-09-05;2208.2;2217.8;2198.8;2204.8;359867;71305;;;;
2012-09-06;2210;2243.8;2205.4;2225;454892;72286;;;;
2012-09-07;2248.2;2362.8;2242;2338.2;726823;71491;;;;
2012-09-10;2340.2;2347.8;2326.2;2335.6;407601;68090;;;;
2012-09-11;2331.6;2332;2302.2;2318.2;474765;64204;;;;
2012-09-12;2329;2353.8;2304.2;2323.8;522774;56538;;;;
2012-09-13;2328.6;2336.4;2295.6;2316.8;518900;52350;;;;
2012-09-14;2335;2354;2304.2;2326.4;593678;47267;;;;
2012-09-17;2320;2323.8;2265.2;2277.2;399679;42824;;;;
2012-09-18;2261.6;2263.4;2231;2238.8;270270;31694;;;;
2012-09-19;2238.6;2255;2232.6;2245.4;109729;20858;;;;
2012-09-20;2258.2;2259.8;2206;2216;442196;65521;;;;
2012-09-21;2208.2;2233.8;2201.6;2216.2;553935;67351;;;;
2012-09-24;2200;2242.8;2185.2;2228.8;638028;69397;;;;
2012-09-25;2213;2237;2208;2222.2;500095;67218;;;;
2012-09-26;2210.2;2229.2;2192.6;2198;470419;67521;;;;
2012-09-27;2198;2320;2197.8;2264;732595;69799;;;;
2012-09-28;2250;2316.4;2240.6;2303;726322;61433;;;;
2012-10-08;2306.4;2313.6;2262;2271;449036;60366;;;;
2012-10-09;2283.2;2345;2280.6;2325.6;687674;65632;;;;
2012-10-10;2313.4;2333.6;2310.2;2327;502021;63354;;;;
2012-10-11;2320.4;2328;2305.4;2313.4;504115;61828;;;;
2012-10-12;2318.2;2343.6;2288.6;2308.6;616579;57024;;;;
2012-10-15;2300;2324.8;2283;2295.2;450914;53499;;;;
2012-10-16;2305;2323;2290.2;2300.2;540958;45971;;;;
2012-10-17;2309.6;2319;2282.2;2307;478407;30442;;;;
2012-10-18;2331;2360.8;2325;2352.6;503270;65724;;;;
2012-10-19;2350;2355.8;2342.8;2347;308183;67895;;;;
2012-10-22;2334.8;2365;2328.2;2355.2;419077;71057;;;;
2012-10-23;2355;2357.8;2323.2;2328.8;451252;71278;;;;
2012-10-24;2318;2337.8;2315.4;2322.6;454605;70100;;;;
2012-10-25;2322;2334.4;2304;2307.8;454627;74691;;;;
2012-10-26;2305.8;2309.4;2245.4;2256.2;511301;71913;;;;
2012-10-29;2250;2255.8;2233.4;2239.6;335842;70298;;;;
2012-10-30;2245;2269.8;2237;2243.2;484871;70216;;;;
2012-10-31;2252;2261;2238.4;2254.6;484962;68321;;;;
2012-11-01;2257.4;2318.2;2255.4;2306.4;588816;69598;;;;
2012-11-02;2311.2;2316;2289.2;2310.8;442903;67071;;;;
2012-11-05;2305.4;2330;2293;2306.2;500112;63900;;;;
2012-11-06;2309;2314.6;2261.2;2290.2;557390;64415;;;;
2012-11-07;2296.8;2310;2279;2291.4;592125;65271;;;;
2012-11-08;2275;2282.8;2243.8;2255;531773;64231;;;;
2012-11-09;2247.6;2254.6;2236.2;2241.8;397937;60405;;;;
2012-11-12;2245;2257.4;2231;2247.8;476242;56822;;;;
2012-11-13;2250;2251;2207.2;2213.2;448451;48754;;;;
2012-11-14;2215.2;2224.2;2210.4;2219.4;279330;38722;;;;
2012-11-15;2221.4;2232;2196.4;2206.2;496173;64051;;;;
2012-11-16;2199.8;2201.2;2168.6;2176;504519;77084;;;;
2012-11-19;2183.4;2184.4;2156.2;2174.8;499293;77645;;;;
2012-11-20;2182;2188.4;2166.2;2171.2;473298;76817;;;;
2012-11-21;2177;2201;2158.2;2191.8;718404;78277;;;;
2012-11-22;2190.2;2191;2172.2;2182.8;524239;76933;;;;
2012-11-23;2193;2209.6;2185.2;2197.6;622046;75899;;;;
2012-11-26;2197.2;2197.6;2173.8;2180.8;475868;75362;;;;
2012-11-27;2177.2;2177.6;2156.6;2161.4;439195;79262;;;;
2012-11-28;2154;2154;2137;2140.2;388935;83149;;;;
2012-11-29;2140.4;2149.8;2125.4;2132.6;384646;84358;;;;
2012-11-30;2123.8;2147.8;2121;2140.2;580780;79377;;;;
2012-12-03;2139.6;2156.2;2115.6;2124.6;565400;83698;;;;
2012-12-04;2112;2139.4;2111.8;2132.4;577421;83873;;;;
2012-12-05;2133.6;2226;2131.4;2210.4;814910;75595;;;;
2012-12-06;2218;2222.2;2200.2;2207.2;536211;72093;;;;
2012-12-07;2208.6;2258.8;2205.6;2246.8;763753;65959;;;;
2012-12-10;2262;2277;2255.8;2269;634588;63877;;;;
2012-12-11;2267;2272.6;2257.2;2264.6;498505;59073;;;;
2012-12-12;2264;2275.6;2255;2266.2;594351;59049;;;;
2012-12-13;2268;2268.6;2247;2251.8;538086;52392;;;;
2012-12-14;2253;2375.6;2251.4;2361.2;823839;49950;;;;
2012-12-17;2372.8;2379;2362;2368.8;436666;32689;;;;
2012-12-18;2373;2410;2347.4;2367;357599;18991;;;;
2012-12-19;2375;2385.4;2359.4;2374;116981;12411;;;;
2012-12-20;2375;2417.2;2363;2404.2;703775;80595;;;;
2012-12-21;2415;2436.6;2380.2;2390;835617;76346;;;;
2012-12-24;2389;2417.6;2388;2395.2;677618;81648;;;;
2012-12-25;2386.4;2478.8;2381.4;2465.4;871318;83728;;;;
2012-12-26;2453.6;2466.2;2453.2;2462.2;418392;80660;;;;
2012-12-27;2472;2497;2453.6;2461.2;613278;80503;;;;
2012-12-28;2465.8;2502;2462.8;2491.4;662844;83214;;;;
2012-12-31;2501.6;2544;2501;2537.4;601829;84272;;;;
2013-01-04;2565;2567.4;2503.2;2538.8;572312;80197;;;;
2013-01-07;2537.8;2554.4;2523.2;2537;615196;77931;;;;
2013-01-08;2537;2548.8;2506.6;2526.8;729477;74965;;;;
2013-01-09;2531.6;2543.8;2509;2522.6;629921;72606;;;;
2013-01-10;2529.4;2562.2;2512.6;2527.8;724539;71891;;;;
2013-01-11;2542;2547.8;2481.8;2493.4;784689;69875;;;;
2013-01-14;2497.2;2598.2;2489.8;2587.8;744878;67427;;;;
2013-01-15;2587.8;2608.6;2583;2601.4;445268;42949;;;;
2013-01-16;2597.4;2602.8;2528;2571.6;381661;18722;;;;
2013-01-17;2583.8;2593;2548.6;2569.2;692567;56520;;;;
2013-01-18;2580.4;2628;2565.2;2607.8;822573;64116;;;;
2013-01-21;2614;2621;2587;2608.4;646027;62810;;;;
2013-01-22;2610.8;2616.8;2579.2;2592.4;774966;57939;;;;
2013-01-23;2604;2616.2;2582.4;2602;694347;60301;;;;
2013-01-24;2614.8;2673.6;2572.8;2590;955841;59709;;;;
2013-01-25;2598;2601.2;2581.6;2588.2;511247;61245;;;;
2013-01-28;2593;2660.6;2590.4;2648.6;757860;67310;;;;
2013-01-29;2656;2687.4;2653.6;2673.8;583643;56989;;;;
2013-01-30;2681;2700.4;2661.2;2684.2;608180;54492;;;;
2013-01-31;2699;2703.6;2676.6;2691.8;613606;50386;;;;
2013-02-01;2695.2;2753.8;2675.2;2738.8;802633;50768;;;;
2013-02-04;2751;2768.4;2739.2;2753.4;573541;47006;;;;
2013-02-05;2737.8;2795.2;2737;2779;605971;43394;;;;
2013-02-06;2779;2797.6;2776.4;2788.2;287375;31017;;;;
2013-02-07;2780.4;2786.8;2740.2;2779.2;212072;19192;;;;
2013-02-08;2776.6;2799;2762.8;2778.2;84067;9371;;;;
2013-02-18;2792;2800.8;2738;2756.6;612964;102076;;;;
2013-02-19;2753.2;2756.8;2696.8;2707.4;646104;105182;;;;
2013-02-20;2713.2;2717.4;2696;2711.4;546146;103771;;;;
2013-02-21;2697;2697.8;2590.4;2619.2;771496;85980;;;;
2013-02-22;2615.2;2625.4;2593.2;2605.6;450508;85493;;;;
2013-02-25;2587.8;2642;2584;2613.6;724593;82218;;;;
2013-02-26;2591.2;2638.8;2560;2578.4;822719;74542;;;;
2013-02-27;2581;2622;2572.2;2591.6;875982;73801;;;;
2013-02-28;2605;2685;2597.4;2669.4;875442;74621;;;;
2013-03-01;2671.4;2683;2622.4;2664;735902;66070;;;;
2013-03-04;2651.4;2653;2537.4;2549.8;854502;77151;;;;
2013-03-05;2553;2628;2549.6;2614.8;911314;71084;;;;
2013-03-06;2627.8;2664;2621;2646.8;841192;64366;;;;
2013-03-07;2653;2659.4;2588.2;2617.8;913853;62076;;;;
2013-03-08;2623;2637.8;2602;2613.4;759730;60136;;;;
2013-03-11;2615.4;2619.2;2569;2590.4;720874;57651;;;;
2013-03-12;2596;2624;2526.2;2543;856038;46642;;;;
2013-03-13;2550;2555.4;2510;2525.2;617195;35301;;;;
2013-03-14;2528;2557.6;2507.6;2532;595975;52002;;;;
2013-03-15;2534.6;2615.8;2503.4;2543;1064394;58572;;;;
2013-03-18;2505.2;2555;2501;2510.2;786031;66097;;;;
2013-03-19;2520;2544;2497;2524.4;808569;67406;;;;
2013-03-20;2529;2613.2;2525.8;2606;1027964;69845;;;;
2013-03-21;2621;2633;2604;2612.8;646577;69785;;;;
2013-03-22;2613.2;2634.8;2607.6;2625;702983;70726;;;;
2013-03-25;2630.2;2652.8;2609;2621;735213;71941;;;;
2013-03-26;2617;2617.4;2553;2578.8;813445;64823;;;;
2013-03-27;2578.8;2617.8;2562;2575.4;854050;65040;;;;
2013-03-28;2566;2566.8;2492.6;2502;733851;64001;;;;
2013-03-29;2501.4;2515.4;2482;2497;604019;61713;;;;
2013-04-01;2481.2;2512.2;2471.2;2486;686779;62268;;;;
2013-04-02;2490;2529;2467;2488.6;897398;61450;;;;
2013-04-03;2502.2;2515;2474.4;2483.6;779825;61395;;;;
2013-04-08;2450;2478;2435.2;2470.6;657765;65969;;;;
2013-04-09;2473;2511.6;2471;2486.4;823777;60580;;;;
2013-04-10;2485.6;2491.2;2464;2480.2;659770;58702;;;;
2013-04-11;2493.8;2512;2465.4;2470.4;662650;62113;;;;
2013-04-12;2474.4;2482;2454;2459.6;578596;53184;;;;
2013-04-15;2442.8;2463.8;2422.6;2433.8;611821;49788;;;;
2013-04-16;2426.4;2457.6;2417.2;2449.2;675784;42907;;;;
2013-04-17;2457;2459.6;2428.2;2451.4;539176;26707;;;;
2013-04-18;2430;2480;2421.6;2458.6;701296;47534;;;;
2013-04-19;2462;2547.4;2461;2536.8;860653;60597;;;;
2013-04-22;2526.8;2543;2521;2527.8;470977;60817;;;;
2013-04-23;2534.8;2540.8;2440.8;2448.4;683054;55897;;;;
2013-04-24;2459.6;2514.4;2443.6;2488.2;815775;55373;;;;
2013-04-25;2488.2;2507.8;2450.4;2469.8;948447;56743;;;;
2013-04-26;2469.8;2490;2430.6;2444.2;723431;48592;;;;
2013-05-02;2426;2446.6;2415;2435.4;548723;49430;;;;
2013-05-03;2451.6;2521.2;2447.2;2483.8;817425;51681;;;;
2013-05-06;2503.8;2527.8;2492.4;2515.8;704012;52686;;;;
2013-05-07;2509;2531.6;2495;2515.4;664753;52751;;;;
2013-05-08;2533.6;2563;2525.6;2535.8;705759;59097;;;;
2013-05-09;2538;2542;2502.2;2518.8;645378;52911;;;;
2013-05-10;2511.8;2545.6;2508;2532.2;725644;50888;;;;
2013-05-13;2541;2544.8;2505.8;2519.4;594826;43760;;;;
2013-05-14;2516.2;2522.8;2461.6;2479.8;531640;35854;;;;
2013-05-15;2492.8;2497.2;2480.2;2489.8;194885;24512;;;;
2013-05-16;2474.4;2529;2453;2518.2;863420;84886;;;;
2013-05-17;2525;2585.6;2519.2;2575.8;756828;101324;;;;
2013-05-20;2579.2;2617;2574.4;2598.4;696900;99789;;;;
2013-05-21;2593.6;2607;2582.4;2598.4;582493;102812;;;;
2013-05-22;2602;2616.8;2590.6;2599.2;720708;102876;;;;
2013-05-23;2589.6;2613.8;2562;2573.8;809119;101710;;;;
2013-05-24;2583.8;2605;2558.8;2589;849492;95847;;;;
2013-05-27;2578;2602;2572;2579;635012;95491;;;;
2013-05-28;2573.6;2634.8;2565.8;2624.6;812248;100064;;;;
2013-05-29;2638;2656;2623;2631;600387;93685;;;;
2013-05-30;2625.6;2637.2;2612;2628;590059;94193;;;;
2013-05-31;2633.6;2639.4;2588;2602.4;662696;87934;;;;
2013-06-03;2604.4;2620;2589;2595.6;579487;89068;;;;
2013-06-04;2597;2599.8;2550.2;2560.6;670940;87583;;;;
2013-06-05;2564.6;2567.4;2544.2;2553.2;470589;87691;;;;
2013-06-06;2548;2559;2530.4;2535;579967;87686;;;;
2013-06-07;2536.2;2539.6;2467;2477.8;603987;79190;;;;
2013-06-13;2459.4;2459.8;2365.2;2386;569989;72904;;;;
2013-06-14;2394;2409;2386.2;2400.4;448656;62463;;;;
2013-06-17;2406.4;2421;2385.8;2395;513790;52857;;;;
2013-06-18;2406;2414.2;2365.2;2404.8;525066;41914;;;;
2013-06-19;2404;2404;2350.4;2391;400730;27751;;;;
2013-06-20;2365;2368;2306.8;2313.4;619261;78055;;;;
2013-06-21;2291;2315;2263.2;2304;768198;84649;;;;
2013-06-24;2290.2;2291.4;2131;2158;891789;91287;;;;
2013-06-25;2129.8;2147.8;1996;2122;1264711;73401;;;;
2013-06-26;2125;2151;2093.6;2119;954148;69358;;;;
2013-06-27;2134.6;2180;2095;2119.6;1050165;70151;;;;
2013-06-28;2116;2217.8;2098;2144.6;1253068;59806;;;;
2013-07-01;2158;2173.8;2106.8;2162.2;932091;59268;;;;
2013-07-02;2170;2173.4;2133;2160;889217;59207;;;;
2013-07-03;2150.4;2162.6;2109.6;2152.8;936496;60286;;;;
2013-07-04;2140.6;2203;2122.2;2169.2;1118878;61103;;;;
2013-07-05;2180;2205;2170.2;2175.8;881296;62511;;;;
2013-07-08;2145;2165;2104;2130.4;872452;60003;;;;
2013-07-09;2135;2144;2122.8;2133.2;640361;59456;;;;
2013-07-10;2117;2207;2112;2184.4;1026508;62035;;;;
2013-07-11;2215;2360.8;2211;2317.2;1176960;51385;;;;
2013-07-12;2318;2325.6;2255;2270.8;776084;42672;;;;
2013-07-15;2297.6;2342;2266;2290.8;934391;40050;;;;
2013-07-16;2287.6;2311.8;2261.2;2297.8;833735;34210;;;;
2013-07-17;2295.4;2325.8;2275.6;2283;712757;22596;;;;
2013-07-18;2265.2;2268.8;2213;2232.8;746212;43230;;;;
2013-07-19;2236.2;2244.4;2148.8;2166;922230;59882;;;;
2013-07-22;2140;2181.4;2124;2170;852452;59841;;;;
2013-07-23;2171.6;2269.2;2171.6;2238.6;1123777;58776;;;;
2013-07-24;2228.6;2242.8;2171.2;2230.6;980054;58908;;;;
2013-07-25;2227.8;2259.8;2191;2220;1113890;56908;;;;
2013-07-26;2200.8;2218.2;2171.6;2195.4;879735;55903;;;;
2013-07-29;2169;2169.8;2126.4;2143.6;761328;61406;;;;
2013-07-30;2158;2212;2144.2;2165.6;940386;65684;;;;
2013-07-31;2179.8;2224;2162;2170;887075;65439;;;;
2013-08-01;2174;2246;2173.6;2225;1118932;67542;;;;
2013-08-02;2254.8;2271.6;2229.2;2239.4;859756;60364;;;;
2013-08-05;2244.8;2274.4;2228.8;2264.4;833863;64187;;;;
2013-08-06;2261.6;2299;2241.8;2288;887686;64816;;;;
2013-08-07;2272.4;2310;2256.2;2270;970873;61995;;;;
2013-08-08;2270;2296;2254.8;2263.6;844524;60291;;;;
2013-08-09;2272;2297.8;2235.4;2279;985805;55338;;;;
2013-08-12;2294.6;2358.8;2289.4;2347.4;923594;56694;;;;
2013-08-13;2359.6;2362;2338.4;2352.4;607564;39953;;;;
2013-08-14;2359;2389.8;2336;2349;396091;18205;;;;
2013-08-15;2360;2369.4;2318;2329.4;732032;75792;;;;
2013-08-16;2319.8;2408;2283;2302;1220406;81087;;;;
2013-08-19;2283;2348;2275.8;2331.4;893124;84364;;;;
2013-08-20;2325;2358;2298.8;2307.6;905244;85443;;;;
2013-08-21;2321;2329.6;2288.8;2307.2;908202;84422;;;;
2013-08-22;2299.8;2336;2297;2307;853021;88103;;;;
2013-08-23;2323;2328.6;2243.6;2283.8;884883;88383;;;;
2013-08-26;2300.2;2344;2285.2;2337;924234;92353;;;;
2013-08-27;2340;2347;2318.6;2336.2;667709;83662;;;;
2013-08-28;2329.8;2347.8;2288.8;2329.8;934856;82229;;;;
2013-08-29;2333.6;2343.8;2295.6;2314.2;883943;77581;;;;
2013-08-30;2310.2;2328;2290.4;2302.2;909314;77539;;;;
2013-09-02;2316;2329.2;2291.8;2315.2;810715;78931;;;;
2013-09-03;2334.2;2354;2320.8;2348.2;845034;78642;;;;
2013-09-04;2349;2352;2339.4;2345;519443;75542;;;;
2013-09-05;2349;2349.8;2329.2;2340.6;597405;73915;;;;
2013-09-06;2334.2;2359;2330.6;2351.6;691661;73442;;;;
2013-09-09;2363;2447.6;2361.4;2437;867771;75449;;;;
2013-09-10;2437.6;2475.8;2433.4;2459.2;638193;74151;;;;
2013-09-11;2479;2497.6;2467.6;2478;681874;73110;;;;
2013-09-12;2480.8;2525;2471;2510.2;808410;70000;;;;
2013-09-13;2499.2;2512.8;2482;2494;610236;62007;;;;
2013-09-16;2505.8;2509.4;2471;2480.6;600405;47403;;;;
2013-09-17;2475;2479.4;2431.2;2438.6;457781;30464;;;;
2013-09-18;2440.4;2442.6;2409.6;2434.8;175395;13052;;;;
2013-09-23;2438;2483.8;2428;2477.8;741907;76370;;;;
2013-09-24;2470.4;2474;2421.2;2445.6;771533;74656;;;;
2013-09-25;2450;2461.2;2428.4;2435;688034;75385;;;;
2013-09-26;2433;2434.2;2383.4;2392.2;779590;75323;;;;
2013-09-27;2385.2;2403;2380.8;2397.4;563695;68500;;;;
2013-09-30;2396;2424.6;2395;2408.4;476830;65134;;;;
2013-10-08;2401.2;2449;2390.4;2441.4;609153;67580;;;;
2013-10-09;2435;2457.8;2426.6;2445.8;542702;67189;;;;
2013-10-10;2460;2462;2417;2427.4;708396;63468;;;;
2013-10-11;2449;2473.4;2436.2;2466.4;814167;57803;;;;
2013-10-14;2466.4;2478.2;2460.4;2467.8;598659;56124;;;;
2013-10-15;2475;2479.2;2443;2459;564680;50096;;;;
2013-10-16;2458;2459;2410.2;2419.8;653508;41233;;;;
2013-10-17;2432.8;2440.8;2405;2410.6;382250;50337;;;;
2013-10-18;2406;2433;2401.2;2418;663579;62288;;;;
2013-10-21;2421;2474.6;2414;2468;700800;70272;;;;
2013-10-22;2470;2471.4;2433.8;2442;609161;68616;;;;
2013-10-23;2448.2;2475.6;2409.2;2418.8;840645;71744;;;;
2013-10-24;2412.8;2424.8;2395.4;2404.2;740692;74587;;;;
2013-10-25;2405.4;2412.6;2347.2;2358;812595;74187;;;;
2013-10-28;2364.4;2374;2348.6;2364.8;599572;72429;;;;
2013-10-29;2367;2405.8;2328.8;2356;991362;70553;;;;
2013-10-30;2374.8;2400.8;2361.4;2395.6;813558;68037;;;;
2013-10-31;2391;2391;2365.2;2376.2;708038;64978;;;;
2013-11-01;2378.2;2398.4;2366.2;2389.6;680253;66181;;;;
2013-11-04;2393;2409.8;2374.6;2381;597017;68212;;;;
2013-11-05;2383;2389.6;2343.8;2384.6;721087;67716;;;;
2013-11-06;2383.8;2384.6;2347.8;2355.4;660725;71441;;;;
2013-11-07;2353;2359.2;2332.6;2347;697393;68538;;;;
2013-11-08;2341;2348.8;2307.4;2313.8;716121;71055;;;;
2013-11-11;2312.6;2325.6;2295.4;2319.2;641007;61518;;;;
2013-11-12;2324.8;2346;2317.4;2337.6;667948;52553;;;;
2013-11-13;2328.2;2329.4;2291.8;2298.2;545424;41369;;;;
2013-11-14;2289;2304.6;2281.6;2299.8;505154;75853;;;;
2013-11-15;2300.2;2381.6;2300.2;2348.2;896123;88962;;;;
2013-11-18;2368;2422.6;2356.8;2412.6;919457;95371;;;;
2013-11-19;2418.4;2421;2403.2;2409.8;568402;90273;;;;
2013-11-20;2418;2441.8;2404.4;2422;717558;91286;;;;
2013-11-21;2423.8;2424.8;2386.2;2411.4;746656;88455;;;;
2013-11-22;2425;2433.6;2396.8;2405.8;740244;90821;;;;
2013-11-25;2400;2426.2;2381.2;2395.8;737849;96456;;;;
2013-11-26;2388;2405;2382.4;2394.2;666446;95652;;;;
2013-11-27;2385.2;2436.2;2383;2419.4;816268;95635;;;;
2013-11-28;2426;2477;2425;2453.2;837429;99150;;;;
2013-11-29;2452;2459;2443.4;2453.2;512085;95717;;;;
2013-12-02;2440;2477.8;2411.6;2434;925918;95940;;;;
2013-12-03;2427.8;2463.8;2423.2;2455.4;683700;95950;;;;
2013-12-04;2448.8;2500.8;2446.4;2481.6;844487;98011;;;;
2013-12-05;2485.6;2489.2;2472.2;2482.6;548688;94268;;;;
2013-12-06;2482.2;2482.8;2457.2;2465;595838;92816;;;;
2013-12-09;2476.8;2489;2458.8;2463.4;537358;94395;;;;
2013-12-10;2462.2;2479;2457;2462.4;611202;91767;;;;
2013-12-11;2458.8;2459;2407.4;2417.2;587955;92030;;;;
2013-12-12;2420;2429.8;2412.4;2418;474825;88585;;;;
2013-12-13;2401.2;2428.6;2385.6;2414;629182;79075;;;;
2013-12-16;2410.6;2426;2364.2;2376.2;595506;77333;;;;
2013-12-17;2375.8;2376;2355.2;2360.2;468499;66933;;;;
2013-12-18;2355;2371.8;2355;2362.8;368545;51539;;;;
2013-12-19;2382.4;2384.8;2345.4;2350.4;533171;76660;;;;
2013-12-20;2350;2358;2294.4;2301;760708;95037;;;;
2013-12-23;2304;2314;2273.6;2299.6;673567;94779;;;;
2013-12-24;2308.6;2334.8;2281.8;2297;765118;95071;;;;
2013-12-25;2310;2327.8;2299.4;2315.2;722850;95373;;;;
2013-12-26;2320;2324.2;2279;2290.2;679652;100211;;;;
2013-12-27;2295;2346;2288;2331.4;880934;97504;;;;
2013-12-30;2341.4;2344;2315.2;2325.6;566897;98112;;;;
2013-12-31;2319.6;2355.6;2305;2348.4;815761;91351;;;;
2014-01-02;2340;2344.8;2325;2334.4;521979;95809;;;;
2014-01-03;2316;2327.8;2286;2297.2;598927;96696;;;;
2014-01-06;2294;2297;2230.8;2240.2;640223;91376;;;;
2014-01-07;2234;2253;2216.4;2238.4;626018;85620;;;;
2014-01-08;2243.6;2269.2;2229;2243.2;724309;85765;;;;
2014-01-09;2240;2265;2220.4;2229.2;715698;87542;;;;
2014-01-10;2224;2231.4;2206.6;2213.6;686705;83558;;;;
2014-01-13;2223.8;2228.8;2190.2;2198.4;623400;80680;;;;
2014-01-14;2197;2224.8;2186.2;2213.6;666190;70037;;;;
2014-01-15;2220.2;2221.8;2196;2210.4;515463;57917;;;;
2014-01-16;2220;2241.8;2210.2;2223.6;255825;49649;;;;
2014-01-17;2210;2218.6;2187.4;2197.2;633560;68203;;;;
2014-01-20;2199.6;2200;2172.8;2184.2;570355;73155;;;;
2014-01-21;2184;2217.2;2182.4;2202.4;648824;71828;;;;
2014-01-22;2206;2256.4;2205.2;2250.2;734205;75374;;;;
2014-01-23;2255;2256;2236;2246.2;520148;72540;;;;
2014-01-24;2236.6;2271.4;2230.2;2254.2;707263;71019;;;;
2014-01-27;2235;2242;2216.2;2227.4;528237;71469;;;;
2014-01-28;2225.8;2248;2217.6;2231.6;569614;70184;;;;
2014-01-29;2238;2247;2232;2238.2;466626;68991;;;;
2014-01-30;2233;2236.6;2196.2;2209;429342;68764;;;;
2014-02-07;2195;2216.4;2178.2;2212.6;458473;70208;;;;
2014-02-10;2221.6;2270;2221.2;2264.4;586644;67395;;;;
2014-02-11;2262;2289.2;2258.4;2277.6;599468;63671;;;;
2014-02-12;2285;2290.6;2275.2;2283;476456;61495;;;;
2014-02-13;2284;2291;2271.2;2278.6;495048;59075;;;;
2014-02-14;2276.6;2290.4;2273.2;2285;459567;55429;;;;
2014-02-17;2297;2320;2292.6;2305.8;489404;44260;;;;
2014-02-18;2306.2;2307.6;2272;2277.8;324034;33632;;;;
2014-02-19;2280.2;2310.6;2275.2;2300.6;220024;19610;;;;
2014-02-20;2310.2;2330.6;2280.4;2284.4;642851;92523;;;;
2014-02-21;2286.4;2291.4;2256.2;2261.8;556410;95890;;;;
2014-02-24;2257.4;2258;2186;2206.4;642284;95287;;;;
2014-02-25;2215;2218.6;2144;2158;697334;101326;;;;
2014-02-26;2140.6;2157.8;2131.8;2149.4;676056;98347;;;;
2014-02-27;2154;2169.6;2140.4;2147.4;775386;97252;;;;
2014-02-28;2155;2176.8;2119.6;2167.6;842004;93735;;;;
2014-03-03;2165.6;2185.8;2151.6;2164.6;686707;93695;;;;
2014-03-04;2160.4;2172.2;2140.4;2163.8;738918;93122;;;;
2014-03-05;2177.6;2182.8;2145.4;2149.6;682315;98687;;;;
2014-03-06;2143;2173.8;2117.2;2167;919590;91011;;;;
2014-03-07;2165.8;2177.6;2141;2147.2;731009;92098;;;;
2014-03-10;2121.2;2128.8;2060;2071;708496;92864;;;;
2014-03-11;2067;2103.8;2061;2083.8;791116;84447;;;;
2014-03-12;2073.8;2098.6;2063.6;2086.4;837039;82507;;;;
2014-03-13;2091.8;2121.6;2087.8;2102.6;794082;79947;;;;
2014-03-14;2097.8;2106.6;2085.8;2095.6;576308;71412;;;;
2014-03-17;2095;2160.4;2095;2124.4;637263;58449;;;;
2014-03-18;2142;2144;2113;2117.8;501937;54429;;;;
2014-03-19;2118;2123.8;2088.8;2112.2;529158;34337;;;;
2014-03-20;2103.4;2125;2046.6;2061;684678;76965;;;;
2014-03-21;2054.8;2168.4;2048.2;2149.2;1023570;78275;;;;
2014-03-24;2151;2163.4;2132.2;2154;694899;78180;;;;
2014-03-25;2155;2176.6;2142.2;2151.6;712445;77984;;;;
2014-03-26;2161.8;2166;2143.6;2151.8;625918;76948;;;;
2014-03-27;2146.8;2181;2124.6;2150.8;901952;74529;;;;
2014-03-28;2142.2;2165.8;2137.6;2145.8;830598;72609;;;;
2014-03-31;2150;2168;2128.2;2138;678008;70973;;;;
2014-04-01;2148.4;2176;2139;2157.2;741374;72976;;;;
2014-04-02;2160.6;2178;2157.4;2168.6;673003;73558;;;;
2014-04-03;2180.2;2195;2157.8;2163.2;689044;77260;;;;
2014-04-04;2156.6;2190;2150.8;2183.6;693640;78278;;;;
2014-04-08;2179.8;2249.8;2178.2;2243.6;826752;84085;;;;
2014-04-09;2249.8;2258.6;2235.8;2241.6;554425;77892;;;;
2014-04-10;2244;2297.8;2233.2;2282.2;855974;73375;;;;
2014-04-11;2278;2284.8;2261.6;2274.2;633463;64479;;;;
2014-04-14;2272;2282.4;2260.6;2272.2;517711;61767;;;;
2014-04-15;2276;2278.6;2226;2232.6;627712;55540;;;;
2014-04-16;2233.6;2252;2222.4;2233;632172;42395;;;;
2014-04-17;2242;2247.2;2223.2;2229.4;411874;61097;;;;
2014-04-18;2215;2235.2;2192.4;2223.8;717142;69905;;;;
2014-04-21;2213;2238.8;2174.4;2193;729098;75324;;;;
2014-04-22;2174.2;2198;2163.4;2187.4;718852;71509;;;;
2014-04-23;2191.4;2196.8;2175.4;2183;619348;70722;;;;
2014-04-24;2186;2205;2173.6;2184.2;680630;70504;;;;
2014-04-25;2184.2;2196;2165.6;2171.8;744456;69990;;;;
2014-04-28;2158.6;2174;2139.2;2143.2;625383;75569;;;;
2014-04-29;2142.8;2168.8;2140.6;2158;552707;70995;;;;
2014-04-30;2157;2161.8;2146;2155;419327;67540;;;;
2014-05-05;2149.8;2167;2123;2153.8;638183;69685;;;;
2014-05-06;2157;2177.6;2142;2147.4;632839;72409;;;;
2014-05-07;2142;2151.8;2133.6;2139.6;573466;72451;;;;
2014-05-08;2135;2174;2131.8;2137.6;772847;69424;;;;
2014-05-09;2135;2144.4;2123.4;2137.2;668492;66819;;;;
2014-05-12;2155;2186;2140.2;2178;758308;60181;;;;
2014-05-13;2180;2180.6;2162;2168;440970;51101;;;;
2014-05-14;2169;2183.8;2163.4;2168.8;423917;34899;;;;
2014-05-15;2153.6;2157.4;2132.2;2135.2;430906;97198;;;;
2014-05-16;2132;2144;2124;2133.6;583388;109087;;;;
2014-05-19;2126.2;2130.6;2089;2102.8;659420;113846;;;;
2014-05-20;2117;2120;2096.4;2099.4;547236;114365;;;;
2014-05-21;2096;2128;2082;2121;780967;112989;;;;
2014-05-22;2124.8;2155;2113.2;2119;791189;111045;;;;
2014-05-23;2115.8;2143.6;2115.6;2135.2;722236;105268;;;;
2014-05-26;2147.4;2163.8;2135.6;2144.8;597112;110203;;;;
2014-05-27;2149.2;2154.8;2137.6;2142;580418;106654;;;;
2014-05-28;2142;2174.4;2123;2163;821515;110648;;;;
2014-05-29;2175.4;2178.6;2149.2;2153.6;562944;106745;;;;
2014-05-30;2152.8;2165.8;2142.6;2152.4;651611;97582;;;;
2014-06-03;2158;2162.4;2138.2;2144.2;512440;103254;;;;
2014-06-04;2139.2;2142.6;2112.2;2121.4;560374;104577;;;;
2014-06-05;2125;2155.4;2120.6;2145.6;620330;98668;;;;
2014-06-06;2152.6;2153.6;2112.8;2127.8;703915;93018;;;;
2014-06-09;2126;2153.8;2115.4;2126.8;792366;90282;;;;
2014-06-10;2130;2159.8;2125.4;2155;857837;91667;;;;
2014-06-11;2156.6;2157.4;2144.2;2153;590002;86941;;;;
2014-06-12;2148.6;2158.6;2145.2;2150.4;491061;84436;;;;
2014-06-13;2148;2187;2128.2;2176.8;798035;81915;;;;
2014-06-16;2181;2200;2173.6;2192;538040;71323;;;;
2014-06-17;2188.2;2188.4;2170.6;2173.4;422578;58210;;;;
2014-06-18;2173.4;2179.6;2162;2164.8;308959;38661;;;;
2014-06-19;2162.2;2165;2117.6;2126.2;526320;112320;;;;
2014-06-20;2131.2;2139.8;2123.6;2133.4;543607;121944;;;;
2014-06-23;2135.2;2148.8;2122;2125;585486;122399;;;;
2014-06-24;2120;2139.6;2120;2134.6;566466;116978;;;;
2014-06-25;2130.8;2133.8;2115;2124.4;545547;118006;;;;
2014-06-26;2128;2146.6;2127.8;2137.6;619285;115555;;;;
2014-06-27;2135.8;2155.6;2128;2143.2;581199;109779;;;;
2014-06-30;2144;2166;2143.8;2153.8;594740;109027;;;;
2014-07-01;2157.8;2170;2145.8;2153.4;517229;110351;;;;
2014-07-02;2158;2165.2;2143;2159.8;616513;111103;;;;
2014-07-03;2166.4;2179.4;2157.6;2168;645564;109238;;;;
2014-07-04;2170.4;2173;2160.8;2166.6;463522;103236;;;;
2014-07-07;2167;2174.4;2158;2164;475802;104612;;;;
2014-07-08;2163;2168.8;2151;2165.6;532650;103984;;;;
2014-07-09;2165.6;2167.8;2131.6;2137.8;561916;107269;;;;
2014-07-10;2133.8;2141;2129;2134.2;379760;104980;;;;
2014-07-11;2131.6;2151;2131.6;2138.8;547920;94060;;;;
2014-07-14;2141;2166;2138.4;2162.6;528418;82564;;;;
2014-07-15;2165;2169;2158;2163.4;416981;71207;;;;
2014-07-16;2164;2174.8;2161.6;2164;435423;56565;;;;
2014-07-17;2163.6;2163.6;2140.6;2148;304111;71560;;;;
2014-07-18;2146;2172.8;2145.2;2156.8;605189;88424;;;;
2014-07-21;2160.2;2165.8;2150.4;2158;442089;92679;;;;
2014-07-22;2157;2196.6;2151;2186.4;665843;101106;;;;
2014-07-23;2188.4;2207.4;2182;2187.2;608231;100723;;;;
2014-07-24;2190.8;2242.8;2190;2237.4;862759;105592;;;;
2014-07-25;2243.8;2279.6;2238.8;2264.2;603892;103623;;;;
2014-07-28;2276;2357.6;2275;2335.4;891896;109968;;;;
2014-07-29;2340.4;2359.6;2329.2;2339;687886;108142;;;;
2014-07-30;2333;2348.4;2325;2331.8;713562;108288;;;;
2014-07-31;2330;2371.2;2323;2355;775762;111769;;;;
2014-08-01;2365;2391.8;2333.2;2347;929869;107083;;;;
2014-08-04;2343.2;2392.4;2343.2;2385;901824;112696;;;;
2014-08-05;2388.2;2394.2;2360.6;2371.8;830224;110302;;;;
2014-08-06;2363.6;2377.2;2337.4;2367.8;865135;105568;;;;
2014-08-07;2366.4;2376.2;2330.8;2335;848414;101482;;;;
2014-08-08;2334.4;2349.8;2326;2336.4;697998;96575;;;;
2014-08-11;2346;2376.4;2342;2369.4;728559;91644;;;;
2014-08-12;2362;2366.8;2345;2358.6;593424;76221;;;;
2014-08-13;2367;2373.4;2335.2;2355.8;554012;48351;;;;
2014-08-14;2371.2;2378;2340.6;2349.2;656909;129096;;;;
2014-08-15;2350.6;2385.6;2345.6;2371.6;805638;147266;;;;
2014-08-18;2378;2394;2367.4;2374.8;701287;145024;;;;
2014-08-19;2379.8;2384.2;2357;2369.2;698616;140228;;;;
2014-08-20;2374;2378.6;2361;2365.8;666923;138239;;;;
2014-08-21;2367;2369.4;2336.2;2353.8;685140;135270;;;;
2014-08-22;2356.2;2374.4;2351.6;2367.8;691779;133423;;;;
2014-08-25;2373.6;2377.2;2341.8;2352;676285;133287;;;;
2014-08-26;2347.8;2355.6;2327.8;2334.6;722864;134605;;;;
2014-08-27;2338.6;2347.6;2333.4;2336;517339;133376;;;;
2014-08-28;2336.6;2343.8;2321.6;2331.8;631839;135584;;;;
2014-08-29;2327.8;2352.8;2327.6;2347.4;585425;132741;;;;
2014-09-01;2353;2359;2341.8;2352;553454;129291;;;;
2014-09-02;2352;2395.6;2347.4;2386.6;801993;133651;;;;
2014-09-03;2393.6;2424.8;2391;2412.6;814246;133160;;;;
2014-09-04;2413.8;2446;2411.2;2436.8;771774;138771;;;;
2014-09-05;2450;2475.4;2443.2;2466.4;862928;148414;;;;
2014-09-09;2471;2473;2449;2455.8;605014;143510;;;;
2014-09-10;2451;2453.2;2427.4;2441.2;663006;133476;;;;
2014-09-11;2441.2;2478.6;2417.6;2424.4;1044577;124423;;;;
2014-09-12;2419;2445.8;2415.8;2441.2;779624;118789;;;;
2014-09-15;2430;2442;2421;2436;649235;103455;;;;
2014-09-16;2434.6;2452;2386.2;2400.2;892304;82060;;;;
2014-09-17;2404.6;2408.8;2386.6;2401;530455;61413;;;;
2014-09-18;2407;2424.6;2398.2;2410.8;655674;116261;;;;
2014-09-19;2417.2;2446.8;2411.2;2439.6;837992;133563;;;;
2014-09-22;2438.2;2438.6;2375.6;2383.2;813739;130900;;;;
2014-09-23;2387.6;2416.8;2387;2408.2;752765;132865;;;;
2014-09-24;2402.8;2469.8;2393;2465;1032475;157619;;;;
2014-09-25;2476;2495.8;2445;2455.4;974558;154715;;;;
2014-09-26;2446.6;2464.6;2435.2;2453;833638;152423;;;;
2014-09-29;2450;2462.4;2440.2;2454;610894;146791;;;;
2014-09-30;2460.2;2466.8;2445.2;2454.2;563308;137904;;;;
2014-10-08;2468;2486;2446.8;2479.2;684472;134400;;;;
2014-10-09;2487;2494.8;2467.2;2478.8;643682;130869;;;;
2014-10-10;2468.2;2483;2457;2465.2;714532;121314;;;;
2014-10-13;2465.2;2467;2425;2450.6;718714;110836;;;;
2014-10-14;2449.6;2462.4;2423.2;2436;719856;91676;;;;
2014-10-15;2440;2465.8;2425.4;2456.6;762348;63703;;;;
2014-10-16;2450.2;2482.4;2442.2;2454.6;706187;94215;;;;
2014-10-17;2452.8;2462;2425.4;2449.4;867840;120024;;;;
2014-10-20;2454.8;2459.6;2442.2;2455;641808;123535;;;;
2014-10-21;2453.6;2463.8;2436.2;2441;747899;128575;;;;
2014-10-22;2442.8;2453.2;2426.2;2430.2;705278;132085;;;;
2014-10-23;2426.6;2436.6;2402.6;2406.4;814216;130542;;;;
2014-10-24;2408;2413.6;2396;2402;616341;133232;;;;
2014-10-27;2391;2391.8;2368.2;2378.8;706590;137962;;;;
2014-10-28;2383;2428.4;2383;2419.8;737404;135407;;;;
2014-10-29;2429.4;2471.6;2423.8;2452.4;872767;129242;;;;
2014-10-30;2460;2473.6;2452.2;2464.2;843691;129200;;;;
2014-10-31;2474;2525;2471;2518;1110664;133124;;;;
2014-11-03;2524.8;2529.6;2508.2;2512.6;675518;134828;;;;
2014-11-04;2510.2;2518;2504.8;2511;632316;130568;;;;
2014-11-05;2512.2;2524.6;2500.2;2510.4;746368;129085;;;;
2014-11-06;2518;2521;2488.6;2511.6;829996;135737;;;;
2014-11-07;2520;2549.8;2486.6;2500;1180315;124551;;;;
2014-11-10;2520.6;2568.8;2508.2;2555.6;1079730;123543;;;;
2014-11-11;2566.8;2591.6;2532;2546;1328659;117440;;;;
2014-11-12;2551;2590.8;2543.6;2577;968069;113570;;;;
2014-11-13;2584;2588.8;2561;2573.6;1018479;102532;;;;
2014-11-14;2568.8;2578.2;2548.8;2565.4;868800;94735;;;;
2014-11-17;2601.2;2613.4;2559.6;2567.8;998777;86403;;;;
2014-11-18;2569;2570.4;2535.6;2544.8;675994;81238;;;;
2014-11-19;2541.8;2551;2531.2;2535.6;392169;47001;;;;
2014-11-20;2535.4;2553.8;2526.2;2545.4;747887;161058;;;;
2014-11-21;2552;2604.6;2538.4;2593.8;1073295;174844;;;;
2014-11-24;2621;2697.4;2616.6;2673.6;1312102;175868;;;;
2014-11-25;2680;2727.4;2670;2715.4;1024900;179733;;;;
2014-11-26;2724.6;2750.6;2713.4;2737.4;1244011;178527;;;;
2014-11-27;2747.4;2767.4;2728;2748.8;1123763;174978;;;;
2014-11-28;2754;2826;2741.8;2796.4;1230047;169616;;;;
2014-12-01;2820;2843.2;2797;2807.4;1141574;166358;;;;
2014-12-02;2807.4;2988;2805.6;2947.8;1843418;163194;;;;
2014-12-03;2946;3062;2942;2988.2;2127834;163644;;;;
2014-12-04;3002.2;3198.6;3002;3169.8;1966443;166738;;;;
2014-12-05;3210;3259.2;3107;3160.8;2183892;163761;;;;
2014-12-08;3173;3351.4;3134;3325.8;1833507;162923;;;;
2014-12-09;3308.4;3471;3005;3205.8;2555554;138463;;;;
2014-12-10;3159.8;3305.4;3124;3272.2;2140875;138075;;;;
2014-12-11;3209;3279.8;3172.2;3204.2;1702846;107311;;;;
2014-12-12;3213.8;3298;3190.2;3218;1441658;107864;;;;
2014-12-15;3198.8;3277.8;3171.2;3246.8;1084793;109510;;;;
2014-12-16;3236.2;3332.8;3235;3301;1287895;80765;;;;
2014-12-17;3339;3368;3265.6;3331.4;909493;24995;;;;
2014-12-18;3499;3535;3448.2;3489.2;1441628;159109;;;;
2014-12-19;3502;3521.8;3380.2;3506;1549063;162488;;;;
2014-12-22;3506;3512.4;3396;3441.8;1631397;157058;;;;
2014-12-23;3405;3464.6;3311.6;3368.8;1596976;150483;;;;
2014-12-24;3308;3347.6;3195.6;3247.6;1772554;126626;;;;
2014-12-25;3275;3383.4;3254.8;3335.4;1751079;124035;;;;
2014-12-26;3380.4;3518.4;3353.8;3497;1808425;130907;;;;
2014-12-29;3520.4;3593.8;3410.8;3468.4;1704383;123590;;;;
2014-12-30;3475;3531;3441;3475.2;1824842;122402;;;;
2014-12-31;3488;3596.4;3477;3579.8;1354714;129487;;;;
2015-01-05;3619;3768.8;3585.2;3718.6;1303810;138633;;;;
2015-01-06;3664;3707.8;3610;3659.4;1522728;127237;;;;
2015-01-07;3655.8;3684.2;3615.4;3654.8;1294935;114534;;;;
2015-01-08;3676.6;3679.6;3553;3588.2;1565105;105242;;;;
2015-01-09;3570;3718;3511;3596.2;1713171;88364;;;;
2015-01-12;3567;3575;3463.6;3533.8;1268691;81457;;;;
2015-01-13;3535.8;3568.8;3501.2;3517.4;1104965;77162;;;;
2015-01-14;3536;3563.4;3471.6;3497.8;1026731;63228;;;;
2015-01-15;3548.6;3686.4;3534.2;3650.2;808954;101476;;;;
2015-01-16;3686.8;3714;3661.8;3684.6;1188668;114442;;;;
2015-01-19;3519.8;3519.8;3316.2;3321.8;1063324;117624;;;;
2015-01-20;3303;3448.8;3300;3404.4;1734080;105907;;;;
2015-01-21;3405;3581.8;3405;3554;1459796;112574;;;;
2015-01-22;3555;3595;3524.2;3574;1192074;108107;;;;
2015-01-23;3579.6;3649;3551.6;3578.6;1448937;103279;;;;
2015-01-26;3605;3635.2;3571.4;3620.6;1064911;107650;;;;
2015-01-27;3639.4;3643;3508.2;3585;1322288;108253;;;;
2015-01-28;3567.2;3603.6;3511;3534.4;1367393;108348;;;;
2015-01-29;3478;3516.6;3450.8;3492.6;1232704;102412;;;;
2015-01-30;3506.4;3532.8;3420;3457;1374952;104079;;;;
2015-02-02;3357;3427;3353;3373.2;1094811;110408;;;;
2015-02-03;3400;3467.2;3380.6;3448.4;1224371;115571;;;;
2015-02-04;3472;3508.6;3383;3425.6;1228877;117899;;;;
2015-02-05;3499.8;3537;3345.6;3399.8;1513768;112731;;;;
2015-02-06;3361.4;3390.4;3287.2;3321.6;1318691;102940;;;;
2015-02-09;3329.2;3400.2;3315.6;3364.4;1240607;97718;;;;
2015-02-10;3375.6;3440.4;3354;3413.8;1263639;95890;;;;
2015-02-11;3443.6;3469.6;3433;3449.6;1011176;90564;;;;
2015-02-12;3449.6;3470;3419;3461.6;817005;79157;;;;
2015-02-13;3462.8;3531.2;3457.6;3482.6;870585;63779;;;;
2015-02-16;3468;3509.8;3468;3502.8;327353;35118;;;;
2015-02-17;3510;3540;3508.8;3521.8;173039;15389;;;;
2015-02-25;3564;3568.8;3469;3485.2;847148;154073;;;;
2015-02-26;3488;3616.8;3473.6;3586.8;1058250;169886;;;;
2015-02-27;3614.8;3624;3572;3590;960924;164194;;;;
2015-03-02;3630;3636;3578;3610.6;1150857;160461;;;;
2015-03-03;3600.6;3601;3507.6;3527.2;1131315;154446;;;;
2015-03-04;3532.4;3562.8;3502.8;3540.6;1180790;158544;;;;
2015-03-05;3530;3533.6;3473.2;3496.2;1189131;154214;;;;
2015-03-06;3508.6;3529.2;3480.6;3489.2;1017878;152092;;;;
2015-03-09;3471.2;3575;3420.4;3559.4;1210246;150929;;;;
2015-03-10;3571.2;3571.8;3521.2;3537.6;1061772;147498;;;;
2015-03-11;3518;3598.6;3512;3537.2;1232780;151667;;;;
2015-03-12;3558.8;3629.4;3555;3615;1320085;146658;;;;
2015-03-13;3610;3651.8;3597.4;3615.4;1167051;130648;;;;
2015-03-16;3618;3718;3617.4;3708.6;1066131;131638;;;;
2015-03-17;3725;3766.8;3719.4;3745.6;1099739;85777;;;;
2015-03-18;3768.8;3860.8;3760.8;3835.4;976338;47251;;;;
2015-03-19;3868;3876;3837.6;3851.2;817324;132061;;;;
2015-03-20;3869.8;3933;3842.2;3899.4;1504327;131123;;;;
2015-03-23;3950;4003;3945.2;3985;1304328;145784;;;;
2015-03-24;4002;4008.2;3921;3974.4;1386556;143680;;;;
2015-03-25;3966.8;3987.4;3915.4;3952.2;1284394;136976;;;;
2015-03-26;3941.2;3993.8;3891.2;3940.6;1604325;136242;;;;
2015-03-27;3935.4;3991.8;3924;3966.8;1296462;133886;;;;
2015-03-30;3992.6;4146.8;3991.8;4111.6;1275334;143232;;;;
2015-03-31;4175;4199;4001;4053.4;1596233;134644;;;;
2015-04-01;4043;4172;4042;4133.2;1561038;144840;;;;
2015-04-02;4153.8;4175;4051.4;4099.6;1532615;126503;;;;
2015-04-03;4099.6;4214.8;4082;4161.2;1613984;131362;;;;
2015-04-07;4236;4255.2;4181.8;4228.6;1236705;118870;;;;
2015-04-08;4245.2;4286.8;4193;4247;1529251;114187;;;;
2015-04-09;4250;4279;4181;4225.2;1586649;102028;;;;
2015-04-10;4230.2;4382.6;4216;4347.6;1466382;111960;;;;
2015-04-13;4399.8;4443.6;4361.2;4418.4;1229737;104588;;;;
2015-04-14;4414.2;4479.6;4377.6;4434.2;1406142;85608;;;;
2015-04-15;4421.6;4469.2;4368;4422.6;1427566;58631;;;;
2015-04-16;4382.8;4568;4382.8;4520.6;869279;99912;;;;
2015-04-17;4568.8;4665;4557;4626.2;1388871;94067;;;;
2015-04-20;4588.4;4683;4487.4;4524;1628754;103457;;;;
2015-04-21;4550;4630.6;4528;4607.6;1428010;105687;;;;
2015-04-22;4631;4764;4631;4744.4;1260977;109669;;;;
2015-04-23;4762.4;4787.8;4691.2;4720;1447784;96785;;;;
2015-04-24;4692.2;4733;4612;4711.4;1411169;100972;;;;
2015-04-27;4742;4824.6;4737;4799.4;1326364;102486;;;;
2015-04-28;4791.2;4811;4660;4700.2;1438546;89600;;;;
2015-04-29;4701.8;4806.2;4700.4;4779.6;1203575;101301;;;;
2015-04-30;4777.8;4826.8;4733.6;4769.4;1208777;92597;;;;
2015-05-04;4790;4806.2;4712.8;4760.4;1014409;94572;;;;
2015-05-05;4768.6;4771.6;4566;4597.6;1259363;104809;;;;
2015-05-06;4628;4712;4532;4571;1465118;114629;;;;
2015-05-07;4575;4589.4;4495.6;4521.4;1413924;133056;;;;
2015-05-08;4525;4573;4451.2;4535.2;1452579;126281;;;;
2015-05-11;4567;4672.8;4530.4;4651.8;1262672;94630;;;;
2015-05-12;4660.4;4724.6;4635;4696.8;1162418;74708;;;;
2015-05-13;4702.8;4733;4653.8;4676.2;950409;49314;;;;
2015-05-14;4662.4;4694.6;4636.4;4657.8;944997;119330;;;;
2015-05-15;4675.6;4677.8;4515.4;4619.8;1511232;139507;;;;
2015-05-18;4583.8;4599.8;4531.8;4547.6;1232678;143805;;;;
2015-05-19;4547.8;4780.4;4543;4741.6;1505638;174187;;;;
2015-05-20;4780;4907;4739;4809;1542579;174826;;;;
2015-05-21;4785;4904.8;4778.6;4863.4;1518782;195196;;;;
2015-05-22;4908;5027.2;4893;4983.4;1505153;202048;;;;
2015-05-25;4993.2;5190;4985;5155.2;1300551;195999;;;;
2015-05-26;5170.2;5287.4;5150;5264;1542497;193918;;;;
2015-05-27;5304;5370;5205.4;5284;1579474;178924;;;;
2015-05-28;5309;5328;4851.2;4976.8;1835645;182766;;;;
2015-05-29;4969.6;5025;4800.2;4887.4;1867516;179652;;;;